cement,blast_furnace_slag,fly_ash,water,superplasticizer,coarse_aggregate,fine_aggregate,age,compressive_strength,source_label
137.598,0.0,84.463,129.764,0.0,942.907,668.176,28,3.822,DETERMINISTIC_FALLBACK_NOT_UCI
276.242,279.556,143.306,231.923,0.0,834.367,773.796,56,28.464,DETERMINISTIC_FALLBACK_NOT_UCI
273.538,130.567,0.0,192.305,28.762,880.086,718.413,14,20.917,DETERMINISTIC_FALLBACK_NOT_UCI
454.855,0.0,0.0,228.685,31.724,865.764,747.866,56,53.376,DETERMINISTIC_FALLBACK_NOT_UCI
438.395,272.652,39.169,212.779,18.962,887.847,690.181,28,50.143,DETERMINISTIC_FALLBACK_NOT_UCI
224.829,0.0,0.0,215.682,0.0,833.725,697.869,14,2.706,DETERMINISTIC_FALLBACK_NOT_UCI
421.045,335.397,109.115,125.314,2.974,912.7,855.153,90,59.198,DETERMINISTIC_FALLBACK_NOT_UCI
332.952,0.0,87.205,220.408,0.0,1052.868,761.159,7,13.153,DETERMINISTIC_FALLBACK_NOT_UCI
374.851,0.0,0.0,187.521,0.0,884.575,915.742,1,3.098,DETERMINISTIC_FALLBACK_NOT_UCI
513.811,220.852,0.0,214.006,31.605,1123.257,861.058,28,57.172,DETERMINISTIC_FALLBACK_NOT_UCI
475.93,178.408,0.0,204.594,0.0,845.991,706.409,365,51.86,DETERMINISTIC_FALLBACK_NOT_UCI
288.699,0.0,74.753,185.61,9.34,997.456,856.939,100,33.96,DETERMINISTIC_FALLBACK_NOT_UCI
500.494,241.686,0.0,243.696,2.512,876.712,793.771,90,53.652,DETERMINISTIC_FALLBACK_NOT_UCI
364.107,0.0,0.0,211.845,6.192,1003.125,971.053,90,22.773,DETERMINISTIC_FALLBACK_NOT_UCI
278.15,187.4,79.934,163.471,8.937,1085.72,962.094,28,34.357,DETERMINISTIC_FALLBACK_NOT_UCI
503.19,288.543,0.0,232.551,18.602,1137.25,713.532,365,61.708,DETERMINISTIC_FALLBACK_NOT_UCI
287.684,0.0,0.0,159.319,0.0,893.43,899.502,90,30.448,DETERMINISTIC_FALLBACK_NOT_UCI
377.405,232.032,167.865,151.99,4.452,1000.084,621.309,56,50.354,DETERMINISTIC_FALLBACK_NOT_UCI
359.095,0.0,0.0,194.533,26.292,943.786,828.415,28,31.225,DETERMINISTIC_FALLBACK_NOT_UCI
492.441,179.362,0.0,206.823,0.0,893.454,869.274,28,46.329,DETERMINISTIC_FALLBACK_NOT_UCI
227.435,98.579,171.581,167.789,17.106,1138.641,751.072,100,31.805,DETERMINISTIC_FALLBACK_NOT_UCI
166.712,0.0,93.009,203.683,28.4,855.129,830.661,1,2.3,DETERMINISTIC_FALLBACK_NOT_UCI
136.832,0.0,85.767,203.741,16.146,983.653,776.571,7,2.3,DETERMINISTIC_FALLBACK_NOT_UCI
188.701,0.0,155.361,227.794,11.468,1075.068,805.471,7,2.3,DETERMINISTIC_FALLBACK_NOT_UCI
362.115,0.0,112.288,181.598,20.959,1046.842,746.975,7,38.326,DETERMINISTIC_FALLBACK_NOT_UCI
360.006,0.0,146.29,214.848,0.0,981.614,983.786,90,40.869,DETERMINISTIC_FALLBACK_NOT_UCI
336.95,231.389,0.0,181.205,0.0,895.989,913.634,28,30.508,DETERMINISTIC_FALLBACK_NOT_UCI
479.661,262.816,26.935,203.939,17.788,1016.178,726.772,28,54.299,DETERMINISTIC_FALLBACK_NOT_UCI
175.923,0.0,0.0,141.316,6.583,1021.666,988.779,3,2.3,DETERMINISTIC_FALLBACK_NOT_UCI
289.335,0.0,158.52,222.542,0.0,908.519,603.922,90,22.362,DETERMINISTIC_FALLBACK_NOT_UCI
260.042,264.595,0.0,212.433,0.0,1032.088,961.455,14,23.756,DETERMINISTIC_FALLBACK_NOT_UCI
454.121,0.0,0.0,144.196,14.101,1021.39,767.321,28,47.782,DETERMINISTIC_FALLBACK_NOT_UCI
140.668,0.0,0.0,125.391,0.0,862.704,887.076,56,5.183,DETERMINISTIC_FALLBACK_NOT_UCI
490.816,152.528,146.94,181.275,0.0,917.829,828.809,7,39.495,DETERMINISTIC_FALLBACK_NOT_UCI
393.552,279.173,127.548,133.732,29.843,921.601,616.593,28,45.075,DETERMINISTIC_FALLBACK_NOT_UCI
484.78,221.065,92.437,144.5,9.962,970.411,745.113,7,47.559,DETERMINISTIC_FALLBACK_NOT_UCI
288.58,0.0,0.0,237.822,22.351,1139.897,647.969,28,16.011,DETERMINISTIC_FALLBACK_NOT_UCI
315.057,0.0,0.0,161.156,21.382,804.862,903.011,56,33.825,DETERMINISTIC_FALLBACK_NOT_UCI
150.625,0.0,0.0,170.999,0.0,973.995,923.039,90,2.3,DETERMINISTIC_FALLBACK_NOT_UCI
473.792,46.718,0.0,130.785,19.857,876.316,698.976,28,53.946,DETERMINISTIC_FALLBACK_NOT_UCI
537.933,216.963,175.783,166.54,13.411,1087.584,866.333,90,71.207,DETERMINISTIC_FALLBACK_NOT_UCI
193.877,293.797,0.0,127.674,0.0,1056.862,864.692,28,24.706,DETERMINISTIC_FALLBACK_NOT_UCI
166.56,171.26,42.394,206.513,27.535,887.339,602.727,28,20.056,DETERMINISTIC_FALLBACK_NOT_UCI
156.656,328.808,0.0,143.091,9.483,950.149,762.41,28,26.047,DETERMINISTIC_FALLBACK_NOT_UCI
460.368,0.0,106.844,147.342,0.0,1035.161,802.276,56,45.131,DETERMINISTIC_FALLBACK_NOT_UCI
387.402,0.0,101.396,195.846,0.0,912.837,699.659,180,39.898,DETERMINISTIC_FALLBACK_NOT_UCI
416.698,0.0,0.0,201.151,9.987,824.189,710.004,56,34.584,DETERMINISTIC_FALLBACK_NOT_UCI
250.772,0.0,0.0,210.729,0.0,1086.613,885.086,7,2.3,DETERMINISTIC_FALLBACK_NOT_UCI
192.349,291.614,0.0,160.454,25.011,997.032,976.204,28,28.514,DETERMINISTIC_FALLBACK_NOT_UCI
345.363,339.04,143.932,164.632,0.0,1060.607,908.297,3,22.863,DETERMINISTIC_FALLBACK_NOT_UCI
308.253,0.0,157.781,190.384,15.615,807.511,823.176,7,21.614,DETERMINISTIC_FALLBACK_NOT_UCI
355.258,0.0,87.353,146.258,10.829,858.146,827.953,7,36.305,DETERMINISTIC_FALLBACK_NOT_UCI
482.464,0.0,0.0,138.837,0.0,1101.507,814.86,28,46.915,DETERMINISTIC_FALLBACK_NOT_UCI
377.511,217.301,0.0,153.955,27.337,987.929,892.134,28,52.837,DETERMINISTIC_FALLBACK_NOT_UCI
223.462,268.92,116.474,133.619,9.688,1108.151,817.569,56,39.419,DETERMINISTIC_FALLBACK_NOT_UCI
520.555,342.232,0.0,161.697,0.0,806.922,929.311,28,47.844,DETERMINISTIC_FALLBACK_NOT_UCI
251.29,349.122,91.852,218.488,16.775,969.405,979.034,28,36.544,DETERMINISTIC_FALLBACK_NOT_UCI
328.545,0.0,0.0,192.485,15.52,1031.284,795.91,7,15.297,DETERMINISTIC_FALLBACK_NOT_UCI
507.817,174.094,0.0,180.547,20.696,976.059,983.112,28,55.429,DETERMINISTIC_FALLBACK_NOT_UCI
366.359,291.411,146.088,170.987,0.0,1096.94,734.107,100,43.441,DETERMINISTIC_FALLBACK_NOT_UCI
212.656,93.39,0.0,217.631,2.274,945.626,650.381,56,14.854,DETERMINISTIC_FALLBACK_NOT_UCI
193.745,0.0,67.402,220.14,17.397,1031.198,921.216,14,2.3,DETERMINISTIC_FALLBACK_NOT_UCI
337.099,129.913,105.607,206.514,0.0,1123.759,957.303,14,22.035,DETERMINISTIC_FALLBACK_NOT_UCI
240.664,0.0,0.0,149.247,12.739,962.691,687.627,1,9.889,DETERMINISTIC_FALLBACK_NOT_UCI
122.099,0.0,74.842,171.437,0.0,1008.987,980.35,180,2.3,DETERMINISTIC_FALLBACK_NOT_UCI
522.197,0.0,0.0,205.614,0.0,867.401,853.032,100,49.816,DETERMINISTIC_FALLBACK_NOT_UCI
537.545,222.821,197.393,240.948,12.893,1055.559,877.528,1,41.664,DETERMINISTIC_FALLBACK_NOT_UCI
292.906,0.0,78.031,203.609,8.546,1105.465,792.105,28,22.793,DETERMINISTIC_FALLBACK_NOT_UCI
156.986,0.0,0.0,144.036,28.981,878.49,764.45,56,9.324,DETERMINISTIC_FALLBACK_NOT_UCI
392.591,270.301,0.0,213.269,30.119,839.498,977.502,3,30.559,DETERMINISTIC_FALLBACK_NOT_UCI
352.972,0.0,111.016,235.855,8.589,1121.435,599.283,14,22.199,DETERMINISTIC_FALLBACK_NOT_UCI
510.941,328.83,194.875,241.638,8.29,1124.71,745.909,28,57.045,DETERMINISTIC_FALLBACK_NOT_UCI
209.886,38.338,0.0,201.62,11.502,1002.854,766.063,7,2.3,DETERMINISTIC_FALLBACK_NOT_UCI
496.532,0.0,0.0,210.297,31.435,904.671,843.724,28,41.597,DETERMINISTIC_FALLBACK_NOT_UCI
422.625,0.0,87.385,136.555,0.0,1130.886,965.933,100,46.765,DETERMINISTIC_FALLBACK_NOT_UCI
200.739,110.496,25.217,208.934,0.0,957.779,732.188,7,5.072,DETERMINISTIC_FALLBACK_NOT_UCI
364.761,0.0,166.808,149.058,26.942,1123.419,752.028,90,49.336,DETERMINISTIC_FALLBACK_NOT_UCI
523.65,285.333,0.0,243.332,15.526,967.09,992.653,1,39.586,DETERMINISTIC_FALLBACK_NOT_UCI
201.189,176.239,0.0,169.998,21.671,1048.643,809.547,3,2.3,DETERMINISTIC_FALLBACK_NOT_UCI
504.666,136.731,0.0,185.295,5.518,955.53,704.173,28,49.257,DETERMINISTIC_FALLBACK_NOT_UCI
225.564,0.0,178.279,171.673,1.63,877.584,712.219,7,11.743,DETERMINISTIC_FALLBACK_NOT_UCI
357.443,91.701,79.621,123.006,25.003,1129.96,941.109,180,56.465,DETERMINISTIC_FALLBACK_NOT_UCI
472.845,282.074,173.494,211.218,12.721,1090.417,932.524,28,49.36,DETERMINISTIC_FALLBACK_NOT_UCI
241.129,128.158,102.884,178.369,31.889,1104.113,652.094,14,20.643,DETERMINISTIC_FALLBACK_NOT_UCI
362.118,0.0,62.328,172.153,29.81,1002.961,907.11,28,41.347,DETERMINISTIC_FALLBACK_NOT_UCI
226.311,0.0,0.0,156.202,18.78,896.023,644.482,180,24.388,DETERMINISTIC_FALLBACK_NOT_UCI
413.89,0.0,0.0,156.581,9.048,978.039,912.761,180,49.488,DETERMINISTIC_FALLBACK_NOT_UCI
438.482,303.027,139.092,142.979,0.0,1022.684,656.506,28,50.475,DETERMINISTIC_FALLBACK_NOT_UCI
269.154,0.0,0.0,158.747,15.044,1032.354,839.795,28,23.165,DETERMINISTIC_FALLBACK_NOT_UCI
323.304,313.438,130.886,142.907,24.271,1046.0,766.773,90,58.395,DETERMINISTIC_FALLBACK_NOT_UCI
499.38,0.0,51.067,210.444,0.0,1036.634,831.434,28,51.374,DETERMINISTIC_FALLBACK_NOT_UCI
285.688,0.0,150.652,209.205,4.446,890.841,913.764,3,13.936,DETERMINISTIC_FALLBACK_NOT_UCI
202.2,0.0,194.049,175.173,0.0,1089.721,604.518,14,8.173,DETERMINISTIC_FALLBACK_NOT_UCI
504.328,38.881,0.0,149.626,0.0,1044.499,888.421,28,58.396,DETERMINISTIC_FALLBACK_NOT_UCI
214.126,102.357,98.962,186.013,31.665,1101.109,750.734,14,21.656,DETERMINISTIC_FALLBACK_NOT_UCI
485.213,0.0,0.0,228.386,27.677,899.639,844.696,1,19.642,DETERMINISTIC_FALLBACK_NOT_UCI
122.472,317.312,21.215,178.284,20.585,877.787,716.323,7,16.027,DETERMINISTIC_FALLBACK_NOT_UCI
363.055,0.0,195.664,219.43,5.684,892.507,679.157,28,35.878,DETERMINISTIC_FALLBACK_NOT_UCI
123.28,166.679,145.385,163.33,15.527,976.49,675.358,28,17.732,DETERMINISTIC_FALLBACK_NOT_UCI
333.52,0.0,0.0,220.217,3.683,821.82,930.345,28,17.358,DETERMINISTIC_FALLBACK_NOT_UCI
207.337,0.0,188.504,238.881,6.466,961.134,803.826,180,17.892,DETERMINISTIC_FALLBACK_NOT_UCI
155.376,0.0,129.835,232.247,15.233,822.329,664.463,3,2.3,DETERMINISTIC_FALLBACK_NOT_UCI
332.703,271.59,52.773,224.774,0.0,1111.94,801.917,90,39.893,DETERMINISTIC_FALLBACK_NOT_UCI
393.902,0.0,0.0,228.711,15.3,964.895,790.476,56,33.83,DETERMINISTIC_FALLBACK_NOT_UCI
244.414,0.0,0.0,141.903,29.033,816.83,602.308,28,25.201,DETERMINISTIC_FALLBACK_NOT_UCI
450.071,326.826,176.142,147.331,16.855,832.495,688.908,28,57.776,DETERMINISTIC_FALLBACK_NOT_UCI
504.432,0.0,133.399,169.408,15.451,959.452,934.146,28,52.416,DETERMINISTIC_FALLBACK_NOT_UCI
129.951,41.464,0.0,237.954,27.426,821.506,751.401,1,2.3,DETERMINISTIC_FALLBACK_NOT_UCI
236.816,0.0,0.0,234.352,0.0,1007.462,849.44,28,2.3,DETERMINISTIC_FALLBACK_NOT_UCI
240.023,263.016,131.463,194.334,23.638,850.813,949.264,100,34.208,DETERMINISTIC_FALLBACK_NOT_UCI
154.713,38.098,122.633,190.649,0.0,1069.844,892.712,28,4.558,DETERMINISTIC_FALLBACK_NOT_UCI
135.195,342.924,0.0,231.47,31.717,958.607,605.527,56,19.45,DETERMINISTIC_FALLBACK_NOT_UCI
290.574,309.099,52.064,230.245,22.223,1028.382,621.911,28,38.064,DETERMINISTIC_FALLBACK_NOT_UCI
511.664,229.172,0.0,196.364,11.439,987.95,636.926,14,43.896,DETERMINISTIC_FALLBACK_NOT_UCI
147.997,0.0,0.0,178.127,0.0,1019.278,968.015,28,2.3,DETERMINISTIC_FALLBACK_NOT_UCI
376.105,0.0,41.712,244.867,2.583,937.317,835.49,56,30.38,DETERMINISTIC_FALLBACK_NOT_UCI
262.795,0.0,0.0,134.312,0.0,826.538,764.565,28,19.059,DETERMINISTIC_FALLBACK_NOT_UCI
215.903,62.768,0.0,153.435,27.385,1144.816,992.914,100,22.313,DETERMINISTIC_FALLBACK_NOT_UCI
331.829,142.303,54.958,183.333,23.844,858.23,689.761,1,19.019,DETERMINISTIC_FALLBACK_NOT_UCI
170.678,0.0,0.0,148.802,7.484,921.696,602.093,28,2.3,DETERMINISTIC_FALLBACK_NOT_UCI
243.318,0.0,76.035,129.552,2.644,1002.567,699.518,28,26.766,DETERMINISTIC_FALLBACK_NOT_UCI
278.706,0.0,0.0,189.144,0.0,1018.538,934.195,365,33.963,DETERMINISTIC_FALLBACK_NOT_UCI
402.616,0.0,0.0,189.866,16.414,979.03,598.12,28,37.242,DETERMINISTIC_FALLBACK_NOT_UCI
483.684,353.004,0.0,170.652,5.044,1019.016,857.449,7,52.486,DETERMINISTIC_FALLBACK_NOT_UCI
536.784,73.114,84.035,225.732,0.0,1082.118,605.239,56,51.468,DETERMINISTIC_FALLBACK_NOT_UCI
392.374,288.469,0.0,227.525,5.57,861.803,848.066,28,29.317,DETERMINISTIC_FALLBACK_NOT_UCI
500.842,238.731,174.038,229.398,17.541,1064.352,766.049,90,56.325,DETERMINISTIC_FALLBACK_NOT_UCI
319.761,0.0,0.0,191.221,0.0,881.012,612.37,90,29.395,DETERMINISTIC_FALLBACK_NOT_UCI
480.102,0.0,93.052,131.754,9.596,1096.468,855.578,3,29.536,DETERMINISTIC_FALLBACK_NOT_UCI
191.641,0.0,0.0,194.456,24.546,1024.948,784.078,3,2.3,DETERMINISTIC_FALLBACK_NOT_UCI
490.946,140.862,0.0,176.63,15.833,922.092,633.279,28,51.359,DETERMINISTIC_FALLBACK_NOT_UCI
366.105,0.0,167.563,186.753,0.0,1005.224,859.128,1,25.588,DETERMINISTIC_FALLBACK_NOT_UCI
377.121,159.615,0.0,149.605,0.0,930.709,672.571,3,34.809,DETERMINISTIC_FALLBACK_NOT_UCI
151.034,0.0,0.0,133.073,11.859,809.38,892.765,7,2.3,DETERMINISTIC_FALLBACK_NOT_UCI
254.521,92.775,155.111,130.159,28.219,835.251,701.849,28,42.071,DETERMINISTIC_FALLBACK_NOT_UCI
185.537,264.978,146.859,241.447,21.366,825.576,915.06,90,33.558,DETERMINISTIC_FALLBACK_NOT_UCI
290.309,0.0,120.727,159.365,0.0,825.258,870.078,1,11.116,DETERMINISTIC_FALLBACK_NOT_UCI
500.932,0.0,92.959,187.797,0.0,910.132,617.12,28,47.067,DETERMINISTIC_FALLBACK_NOT_UCI
216.6,226.635,162.369,171.88,24.908,851.128,656.191,7,32.586,DETERMINISTIC_FALLBACK_NOT_UCI
152.138,0.0,0.0,155.339,16.316,882.572,987.04,56,2.3,DETERMINISTIC_FALLBACK_NOT_UCI
207.159,0.0,0.0,184.675,12.903,832.681,932.653,100,5.494,DETERMINISTIC_FALLBACK_NOT_UCI
108.282,70.469,0.0,198.186,20.03,1053.366,948.328,90,2.3,DETERMINISTIC_FALLBACK_NOT_UCI
248.749,0.0,87.402,134.346,0.0,1130.596,781.298,7,15.047,DETERMINISTIC_FALLBACK_NOT_UCI
329.349,0.0,0.0,219.26,0.0,928.582,814.632,28,23.14,DETERMINISTIC_FALLBACK_NOT_UCI
387.743,84.202,0.0,148.238,18.281,803.634,780.782,7,44.836,DETERMINISTIC_FALLBACK_NOT_UCI
198.546,31.788,0.0,198.955,0.0,851.635,680.743,7,2.3,DETERMINISTIC_FALLBACK_NOT_UCI
454.019,145.08,158.508,213.331,9.05,943.027,913.534,14,37.629,DETERMINISTIC_FALLBACK_NOT_UCI
317.534,0.0,68.058,162.9,29.549,904.718,806.798,28,37.49,DETERMINISTIC_FALLBACK_NOT_UCI
108.048,250.177,0.0,197.073,18.302,1109.147,706.856,14,4.992,DETERMINISTIC_FALLBACK_NOT_UCI
275.54,165.459,140.376,161.721,26.994,1104.663,669.397,28,35.402,DETERMINISTIC_FALLBACK_NOT_UCI
524.616,0.0,167.109,161.879,12.632,1035.948,635.578,90,66.217,DETERMINISTIC_FALLBACK_NOT_UCI
494.369,0.0,0.0,178.371,0.0,1057.825,836.718,7,49.827,DETERMINISTIC_FALLBACK_NOT_UCI
328.851,22.453,169.486,210.802,0.0,822.088,770.432,28,26.621,DETERMINISTIC_FALLBACK_NOT_UCI
189.742,0.0,0.0,218.428,0.0,1131.259,827.232,28,2.3,DETERMINISTIC_FALLBACK_NOT_UCI
342.294,229.345,109.409,245.788,21.652,1097.815,710.04,100,49.805,DETERMINISTIC_FALLBACK_NOT_UCI
177.5,46.512,60.736,174.773,0.0,953.416,860.834,7,6.832,DETERMINISTIC_FALLBACK_NOT_UCI
529.375,0.0,0.0,217.891,5.902,929.78,739.674,7,38.598,DETERMINISTIC_FALLBACK_NOT_UCI
400.334,0.0,161.277,200.407,8.428,1115.65,840.827,3,28.111,DETERMINISTIC_FALLBACK_NOT_UCI
296.74,0.0,0.0,175.632,30.436,817.426,598.815,14,13.334,DETERMINISTIC_FALLBACK_NOT_UCI
156.967,0.0,102.788,210.598,0.0,1034.718,911.732,28,2.3,DETERMINISTIC_FALLBACK_NOT_UCI
350.747,0.0,0.0,219.56,8.328,925.831,630.229,28,23.685,DETERMINISTIC_FALLBACK_NOT_UCI
174.537,122.499,70.584,140.495,0.0,935.541,770.252,7,5.048,DETERMINISTIC_FALLBACK_NOT_UCI
356.237,190.899,0.0,220.972,2.128,828.176,723.426,14,29.685,DETERMINISTIC_FALLBACK_NOT_UCI
415.44,0.0,0.0,132.748,23.539,990.891,671.0,14,43.927,DETERMINISTIC_FALLBACK_NOT_UCI
275.688,187.61,0.0,175.008,13.887,981.946,600.513,56,34.746,DETERMINISTIC_FALLBACK_NOT_UCI
326.648,138.397,120.908,237.077,12.607,986.004,770.402,28,31.352,DETERMINISTIC_FALLBACK_NOT_UCI
487.708,0.0,0.0,206.419,30.512,950.832,847.622,180,60.082,DETERMINISTIC_FALLBACK_NOT_UCI
172.535,0.0,0.0,167.12,24.677,946.48,959.302,28,2.3,DETERMINISTIC_FALLBACK_NOT_UCI
530.918,246.951,72.935,155.895,23.311,923.739,805.708,1,49.394,DETERMINISTIC_FALLBACK_NOT_UCI
397.963,18.909,142.585,157.077,11.942,912.046,976.032,1,23.28,DETERMINISTIC_FALLBACK_NOT_UCI
285.49,129.782,196.887,167.638,26.719,1125.759,817.979,7,32.232,DETERMINISTIC_FALLBACK_NOT_UCI
266.235,0.0,188.271,178.766,0.0,1048.079,759.573,365,33.929,DETERMINISTIC_FALLBACK_NOT_UCI
248.636,265.498,0.0,214.169,16.172,1051.673,897.515,7,33.162,DETERMINISTIC_FALLBACK_NOT_UCI
297.509,189.34,0.0,142.698,13.455,1102.032,884.374,365,51.211,DETERMINISTIC_FALLBACK_NOT_UCI
477.949,224.86,0.0,180.174,6.609,963.628,844.019,28,47.088,DETERMINISTIC_FALLBACK_NOT_UCI
185.509,0.0,22.309,190.91,9.985,1056.98,606.339,90,4.201,DETERMINISTIC_FALLBACK_NOT_UCI
410.098,0.0,0.0,134.04,0.0,846.482,636.742,28,43.979,DETERMINISTIC_FALLBACK_NOT_UCI
152.429,132.704,175.223,207.992,0.0,1103.413,827.715,28,7.361,DETERMINISTIC_FALLBACK_NOT_UCI
109.999,29.335,91.789,129.08,12.04,881.179,611.037,3,3.532,DETERMINISTIC_FALLBACK_NOT_UCI
271.68,0.0,149.291,243.26,0.0,830.555,949.964,28,14.643,DETERMINISTIC_FALLBACK_NOT_UCI
319.644,0.0,85.079,219.31,29.975,964.827,942.521,90,38.767,DETERMINISTIC_FALLBACK_NOT_UCI
531.386,165.601,0.0,170.474,23.568,929.651,946.491,28,56.977,DETERMINISTIC_FALLBACK_NOT_UCI
236.154,30.352,0.0,197.476,31.206,1087.058,958.938,28,11.904,DETERMINISTIC_FALLBACK_NOT_UCI
450.156,268.451,34.565,153.198,18.056,1126.826,787.212,28,50.094,DETERMINISTIC_FALLBACK_NOT_UCI
261.425,0.0,0.0,133.104,0.0,996.073,617.623,56,20.123,DETERMINISTIC_FALLBACK_NOT_UCI
353.912,0.0,0.0,125.534,12.128,999.64,743.84,7,34.347,DETERMINISTIC_FALLBACK_NOT_UCI
109.864,342.042,0.0,125.368,18.003,1104.897,950.413,365,40.005,DETERMINISTIC_FALLBACK_NOT_UCI
384.291,0.0,40.757,212.567,0.0,1028.092,960.077,3,22.39,DETERMINISTIC_FALLBACK_NOT_UCI
394.345,225.851,0.0,127.259,13.974,835.464,862.026,3,39.337,DETERMINISTIC_FALLBACK_NOT_UCI
236.337,0.0,68.244,136.094,0.0,909.979,620.92,3,27.062,DETERMINISTIC_FALLBACK_NOT_UCI
408.329,0.0,110.111,196.109,0.0,1059.48,893.398,56,42.524,DETERMINISTIC_FALLBACK_NOT_UCI
258.029,21.858,0.0,212.347,0.0,953.51,733.375,28,7.352,DETERMINISTIC_FALLBACK_NOT_UCI
220.77,0.0,191.885,138.125,12.092,1051.405,943.408,14,19.029,DETERMINISTIC_FALLBACK_NOT_UCI
184.906,318.11,46.003,123.854,0.0,1037.524,912.189,28,23.304,DETERMINISTIC_FALLBACK_NOT_UCI
157.318,202.838,101.637,128.94,10.268,960.096,880.267,7,25.875,DETERMINISTIC_FALLBACK_NOT_UCI
354.142,0.0,0.0,207.777,0.0,1056.499,788.001,3,16.681,DETERMINISTIC_FALLBACK_NOT_UCI
473.206,105.499,0.0,222.69,0.0,814.46,637.916,7,34.648,DETERMINISTIC_FALLBACK_NOT_UCI
449.387,0.0,0.0,221.558,0.0,1096.796,808.237,14,34.244,DETERMINISTIC_FALLBACK_NOT_UCI
258.337,0.0,0.0,171.8,0.0,1109.414,962.349,28,12.293,DETERMINISTIC_FALLBACK_NOT_UCI
188.801,0.0,0.0,187.198,15.986,855.682,977.894,7,2.3,DETERMINISTIC_FALLBACK_NOT_UCI
108.396,312.594,119.163,219.803,17.206,923.482,765.968,28,18.887,DETERMINISTIC_FALLBACK_NOT_UCI
151.843,129.351,0.0,133.839,0.0,1089.618,677.602,28,13.882,DETERMINISTIC_FALLBACK_NOT_UCI
193.898,296.729,95.214,195.569,0.0,873.732,826.278,7,11.663,DETERMINISTIC_FALLBACK_NOT_UCI
241.311,15.026,0.0,126.599,20.595,1003.666,645.169,3,7.358,DETERMINISTIC_FALLBACK_NOT_UCI
502.86,82.405,108.242,206.942,18.049,928.005,819.004,28,50.138,DETERMINISTIC_FALLBACK_NOT_UCI
163.772,0.0,0.0,176.675,4.675,860.655,800.146,1,2.3,DETERMINISTIC_FALLBACK_NOT_UCI
497.552,358.927,180.248,246.176,21.564,1135.349,646.535,28,63.472,DETERMINISTIC_FALLBACK_NOT_UCI
429.112,270.393,0.0,139.807,4.862,1140.276,644.251,28,47.564,DETERMINISTIC_FALLBACK_NOT_UCI
349.686,83.176,147.379,238.146,15.813,1042.084,795.282,28,36.875,DETERMINISTIC_FALLBACK_NOT_UCI
260.476,0.0,0.0,210.956,0.0,904.211,831.881,56,12.957,DETERMINISTIC_FALLBACK_NOT_UCI
340.043,0.0,0.0,141.473,0.0,948.283,688.517,90,34.142,DETERMINISTIC_FALLBACK_NOT_UCI
356.964,243.74,169.398,195.395,15.927,949.342,842.294,28,45.968,DETERMINISTIC_FALLBACK_NOT_UCI
252.211,305.737,0.0,150.506,8.321,805.25,879.816,90,39.453,DETERMINISTIC_FALLBACK_NOT_UCI
169.08,0.0,183.961,203.906,0.0,996.604,795.258,28,5.935,DETERMINISTIC_FALLBACK_NOT_UCI
508.809,0.0,0.0,178.679,0.0,981.371,647.736,3,43.915,DETERMINISTIC_FALLBACK_NOT_UCI
454.165,0.0,0.0,151.594,0.0,829.873,815.305,1,28.66,DETERMINISTIC_FALLBACK_NOT_UCI
250.939,81.746,198.075,159.314,0.0,914.407,909.999,28,34.469,DETERMINISTIC_FALLBACK_NOT_UCI
449.15,69.461,0.0,150.938,17.29,931.915,961.863,56,48.938,DETERMINISTIC_FALLBACK_NOT_UCI
468.75,0.0,0.0,229.259,29.504,1055.675,789.174,1,26.113,DETERMINISTIC_FALLBACK_NOT_UCI
437.807,275.941,79.104,128.538,0.0,977.482,773.853,28,49.309,DETERMINISTIC_FALLBACK_NOT_UCI
272.502,328.762,146.215,157.557,28.904,929.931,629.278,28,41.312,DETERMINISTIC_FALLBACK_NOT_UCI
318.684,67.681,24.586,147.608,0.0,992.902,845.145,7,27.864,DETERMINISTIC_FALLBACK_NOT_UCI
463.154,357.712,0.0,175.416,27.584,806.272,865.219,28,59.185,DETERMINISTIC_FALLBACK_NOT_UCI
334.564,190.54,0.0,140.831,4.995,814.336,787.093,90,48.708,DETERMINISTIC_FALLBACK_NOT_UCI
114.557,0.0,0.0,222.558,24.427,954.699,673.424,56,2.3,DETERMINISTIC_FALLBACK_NOT_UCI
142.409,27.447,126.097,205.353,6.994,945.063,606.737,28,2.3,DETERMINISTIC_FALLBACK_NOT_UCI
415.618,37.768,163.689,152.33,2.455,1109.768,775.864,7,38.614,DETERMINISTIC_FALLBACK_NOT_UCI
531.952,0.0,197.965,202.294,10.435,988.108,836.563,100,64.598,DETERMINISTIC_FALLBACK_NOT_UCI
284.038,0.0,49.586,128.626,30.701,946.192,676.568,28,35.509,DETERMINISTIC_FALLBACK_NOT_UCI
265.442,0.0,0.0,191.211,13.14,973.868,773.774,90,24.907,DETERMINISTIC_FALLBACK_NOT_UCI
409.086,0.0,186.29,161.282,26.735,818.355,788.282,7,37.306,DETERMINISTIC_FALLBACK_NOT_UCI
182.731,104.965,174.596,131.167,27.067,939.506,664.472,7,36.643,DETERMINISTIC_FALLBACK_NOT_UCI
159.578,276.716,171.081,225.258,28.883,1119.561,752.089,7,20.841,DETERMINISTIC_FALLBACK_NOT_UCI
105.386,0.0,0.0,163.447,16.913,1035.753,989.268,1,2.3,DETERMINISTIC_FALLBACK_NOT_UCI
270.418,0.0,188.962,174.997,0.0,906.441,965.899,28,28.332,DETERMINISTIC_FALLBACK_NOT_UCI
204.046,0.0,134.256,229.058,29.932,941.565,732.731,14,8.303,DETERMINISTIC_FALLBACK_NOT_UCI
388.715,150.831,0.0,162.177,0.0,878.595,762.19,365,52.272,DETERMINISTIC_FALLBACK_NOT_UCI
310.82,95.297,118.306,227.049,17.389,963.088,931.204,28,34.454,DETERMINISTIC_FALLBACK_NOT_UCI
457.938,0.0,0.0,168.727,0.0,1042.162,666.189,56,41.281,DETERMINISTIC_FALLBACK_NOT_UCI
305.622,268.633,44.68,219.725,20.099,880.014,867.312,28,36.657,DETERMINISTIC_FALLBACK_NOT_UCI
490.62,345.638,149.535,193.875,0.0,843.886,801.31,28,55.315,DETERMINISTIC_FALLBACK_NOT_UCI
341.305,34.26,0.0,244.389,28.674,861.495,830.026,3,18.24,DETERMINISTIC_FALLBACK_NOT_UCI
400.99,298.405,168.592,208.357,17.456,1036.408,885.202,28,39.629,DETERMINISTIC_FALLBACK_NOT_UCI
241.259,327.365,22.424,206.986,31.342,838.018,619.642,90,42.134,DETERMINISTIC_FALLBACK_NOT_UCI
292.675,0.0,0.0,148.423,0.0,1029.422,659.999,28,22.644,DETERMINISTIC_FALLBACK_NOT_UCI
165.685,86.123,0.0,242.32,30.58,1112.423,713.785,28,2.3,DETERMINISTIC_FALLBACK_NOT_UCI
249.548,249.722,78.118,145.012,17.101,1006.003,793.517,56,36.848,DETERMINISTIC_FALLBACK_NOT_UCI
393.586,0.0,0.0,166.615,0.0,1077.175,860.006,3,34.033,DETERMINISTIC_FALLBACK_NOT_UCI
293.375,313.257,164.233,135.23,17.554,835.064,768.929,56,56.659,DETERMINISTIC_FALLBACK_NOT_UCI
468.842,0.0,0.0,144.316,0.0,965.147,676.549,7,39.176,DETERMINISTIC_FALLBACK_NOT_UCI
492.018,0.0,0.0,228.488,13.904,995.066,771.332,14,33.04,DETERMINISTIC_FALLBACK_NOT_UCI
166.848,201.011,0.0,164.216,7.513,1097.462,741.93,90,27.629,DETERMINISTIC_FALLBACK_NOT_UCI
508.499,273.272,0.0,173.652,0.0,1121.962,669.001,28,54.209,DETERMINISTIC_FALLBACK_NOT_UCI
233.827,209.548,127.827,160.047,0.0,930.877,720.989,365,43.145,DETERMINISTIC_FALLBACK_NOT_UCI
337.577,61.379,165.854,224.391,2.239,820.139,889.946,28,29.275,DETERMINISTIC_FALLBACK_NOT_UCI
330.071,248.635,171.418,134.014,10.333,873.449,959.994,28,43.898,DETERMINISTIC_FALLBACK_NOT_UCI
478.5,49.787,114.391,196.573,0.0,956.415,696.923,14,45.401,DETERMINISTIC_FALLBACK_NOT_UCI
405.13,0.0,101.499,123.725,12.535,984.568,732.106,28,48.917,DETERMINISTIC_FALLBACK_NOT_UCI
531.154,240.638,135.903,198.567,31.136,1079.753,743.897,90,65.934,DETERMINISTIC_FALLBACK_NOT_UCI
376.113,167.704,0.0,191.661,14.954,1103.732,992.94,3,32.619,DETERMINISTIC_FALLBACK_NOT_UCI
257.965,287.986,0.0,193.662,0.0,825.735,728.168,14,26.389,DETERMINISTIC_FALLBACK_NOT_UCI
383.114,31.005,87.466,175.365,27.41,836.11,743.985,28,49.463,DETERMINISTIC_FALLBACK_NOT_UCI
262.199,95.88,181.569,153.779,0.0,1052.862,840.822,90,28.058,DETERMINISTIC_FALLBACK_NOT_UCI
348.79,0.0,107.558,160.075,25.44,1043.504,677.57,7,44.701,DETERMINISTIC_FALLBACK_NOT_UCI
249.784,0.0,61.847,168.711,0.0,892.076,824.447,28,19.043,DETERMINISTIC_FALLBACK_NOT_UCI
161.928,0.0,94.377,207.277,8.952,907.426,817.775,90,4.199,DETERMINISTIC_FALLBACK_NOT_UCI
236.283,144.206,0.0,183.462,11.51,936.38,889.832,14,10.265,DETERMINISTIC_FALLBACK_NOT_UCI
348.056,0.0,32.597,238.78,11.199,900.703,913.852,7,19.923,DETERMINISTIC_FALLBACK_NOT_UCI
228.765,339.676,0.0,138.374,0.0,1039.114,651.276,90,39.472,DETERMINISTIC_FALLBACK_NOT_UCI
451.879,343.334,186.852,161.671,0.0,1039.741,868.821,14,44.953,DETERMINISTIC_FALLBACK_NOT_UCI
242.627,110.234,0.0,169.525,6.149,1067.381,768.636,90,27.407,DETERMINISTIC_FALLBACK_NOT_UCI
339.521,69.847,113.7,242.116,0.0,951.784,819.532,28,23.93,DETERMINISTIC_FALLBACK_NOT_UCI
310.076,235.009,0.0,190.731,27.02,1048.178,683.323,14,37.836,DETERMINISTIC_FALLBACK_NOT_UCI
491.93,0.0,0.0,171.595,0.0,1113.897,711.855,1,25.298,DETERMINISTIC_FALLBACK_NOT_UCI
116.513,341.967,33.244,149.457,20.681,1030.663,888.047,28,19.922,DETERMINISTIC_FALLBACK_NOT_UCI
411.28,120.911,45.507,245.019,22.283,935.615,715.941,100,41.426,DETERMINISTIC_FALLBACK_NOT_UCI
230.5,148.414,105.103,232.097,0.0,845.73,964.917,28,11.785,DETERMINISTIC_FALLBACK_NOT_UCI
108.273,0.0,159.729,186.864,0.0,1042.517,607.461,56,2.3,DETERMINISTIC_FALLBACK_NOT_UCI
157.192,342.312,36.95,131.384,18.433,949.61,786.938,7,15.564,DETERMINISTIC_FALLBACK_NOT_UCI
459.178,347.589,149.798,177.811,0.0,865.445,961.412,28,49.131,DETERMINISTIC_FALLBACK_NOT_UCI
330.698,0.0,171.456,152.742,0.0,980.499,948.464,180,39.457,DETERMINISTIC_FALLBACK_NOT_UCI
466.0,0.0,172.604,221.346,0.0,813.259,953.304,28,45.756,DETERMINISTIC_FALLBACK_NOT_UCI
288.501,0.0,0.0,153.39,23.162,1124.719,941.221,3,6.196,DETERMINISTIC_FALLBACK_NOT_UCI
468.456,0.0,52.832,246.396,0.0,971.979,853.17,28,36.942,DETERMINISTIC_FALLBACK_NOT_UCI
415.147,0.0,102.697,217.419,14.051,1087.771,845.388,28,40.766,DETERMINISTIC_FALLBACK_NOT_UCI
293.476,217.568,76.583,195.089,0.0,1007.518,761.947,3,17.484,DETERMINISTIC_FALLBACK_NOT_UCI
359.686,0.0,105.352,166.829,0.0,804.88,656.434,28,33.695,DETERMINISTIC_FALLBACK_NOT_UCI
378.259,0.0,44.128,194.111,4.209,1103.059,971.807,100,45.213,DETERMINISTIC_FALLBACK_NOT_UCI
471.051,0.0,0.0,169.251,3.643,1071.69,602.152,14,36.912,DETERMINISTIC_FALLBACK_NOT_UCI
343.439,0.0,0.0,130.606,0.0,1105.37,724.948,28,35.981,DETERMINISTIC_FALLBACK_NOT_UCI
405.767,76.992,164.808,220.718,0.0,881.216,739.319,1,13.91,DETERMINISTIC_FALLBACK_NOT_UCI
404.199,356.148,0.0,216.78,0.0,1043.177,968.553,56,49.843,DETERMINISTIC_FALLBACK_NOT_UCI
172.68,128.22,0.0,146.529,17.949,946.383,788.773,56,28.815,DETERMINISTIC_FALLBACK_NOT_UCI
223.008,71.003,126.768,161.423,0.0,916.219,693.008,28,25.693,DETERMINISTIC_FALLBACK_NOT_UCI
509.172,115.127,0.0,138.034,19.199,1103.63,708.725,3,39.987,DETERMINISTIC_FALLBACK_NOT_UCI
508.698,0.0,116.614,212.726,0.0,1107.521,729.551,28,56.371,DETERMINISTIC_FALLBACK_NOT_UCI
513.047,225.94,0.0,136.052,2.758,1080.395,628.243,90,59.267,DETERMINISTIC_FALLBACK_NOT_UCI
128.683,59.914,115.124,155.239,11.424,832.705,643.026,14,10.753,DETERMINISTIC_FALLBACK_NOT_UCI
277.679,0.0,118.739,162.462,8.908,894.247,857.589,100,35.26,DETERMINISTIC_FALLBACK_NOT_UCI
197.924,33.747,0.0,172.156,6.289,821.155,594.201,3,2.3,DETERMINISTIC_FALLBACK_NOT_UCI
300.527,65.373,0.0,153.997,30.914,1111.075,912.816,90,32.406,DETERMINISTIC_FALLBACK_NOT_UCI
402.336,0.0,0.0,226.804,22.358,1055.626,780.313,180,43.094,DETERMINISTIC_FALLBACK_NOT_UCI
506.713,0.0,145.125,153.81,0.0,1110.154,879.22,28,49.713,DETERMINISTIC_FALLBACK_NOT_UCI
276.179,332.731,163.02,198.021,0.0,1069.909,968.781,3,23.19,DETERMINISTIC_FALLBACK_NOT_UCI
409.467,162.521,71.814,243.495,19.488,918.599,625.403,1,9.945,DETERMINISTIC_FALLBACK_NOT_UCI
331.526,282.346,0.0,213.278,5.933,931.711,926.003,28,31.768,DETERMINISTIC_FALLBACK_NOT_UCI
248.029,0.0,110.118,212.905,0.0,1037.662,675.245,56,14.974,DETERMINISTIC_FALLBACK_NOT_UCI
231.448,131.946,156.346,183.268,26.264,894.964,921.912,28,29.19,DETERMINISTIC_FALLBACK_NOT_UCI
339.056,176.965,160.491,242.255,0.0,1022.187,709.958,56,36.585,DETERMINISTIC_FALLBACK_NOT_UCI
213.37,346.108,86.407,199.282,0.0,1046.807,879.793,7,22.874,DETERMINISTIC_FALLBACK_NOT_UCI
417.408,0.0,0.0,203.958,24.474,1081.429,628.079,28,39.883,DETERMINISTIC_FALLBACK_NOT_UCI
501.696,0.0,148.178,156.81,17.876,1101.855,836.523,28,45.43,DETERMINISTIC_FALLBACK_NOT_UCI
330.194,0.0,0.0,191.243,31.864,973.003,617.827,28,36.387,DETERMINISTIC_FALLBACK_NOT_UCI
209.462,0.0,0.0,237.662,30.088,1081.587,969.858,28,2.3,DETERMINISTIC_FALLBACK_NOT_UCI
206.771,0.0,162.835,225.273,15.481,811.756,885.276,7,5.249,DETERMINISTIC_FALLBACK_NOT_UCI
530.228,0.0,76.129,166.108,0.0,843.213,672.806,28,48.1,DETERMINISTIC_FALLBACK_NOT_UCI
256.626,171.155,108.166,212.026,12.989,1065.33,642.077,180,43.691,DETERMINISTIC_FALLBACK_NOT_UCI
267.211,254.712,101.02,204.36,14.998,1032.267,942.023,28,27.486,DETERMINISTIC_FALLBACK_NOT_UCI
141.716,178.759,0.0,234.417,30.779,1112.115,685.074,56,12.311,DETERMINISTIC_FALLBACK_NOT_UCI
232.927,0.0,32.405,171.366,31.195,955.84,722.272,28,19.819,DETERMINISTIC_FALLBACK_NOT_UCI
532.032,32.775,0.0,189.332,18.564,1090.514,771.036,14,53.805,DETERMINISTIC_FALLBACK_NOT_UCI
519.125,103.991,50.367,123.066,5.221,1078.848,901.624,14,43.135,DETERMINISTIC_FALLBACK_NOT_UCI
520.893,0.0,46.771,239.793,19.693,975.087,896.968,56,54.162,DETERMINISTIC_FALLBACK_NOT_UCI
147.594,0.0,0.0,127.895,13.04,1119.118,873.063,28,5.95,DETERMINISTIC_FALLBACK_NOT_UCI
431.97,159.578,44.613,135.571,0.0,1137.321,963.971,56,54.537,DETERMINISTIC_FALLBACK_NOT_UCI
264.501,41.236,0.0,229.4,18.366,889.467,631.889,28,18.884,DETERMINISTIC_FALLBACK_NOT_UCI
250.007,127.905,0.0,235.631,14.564,804.917,612.544,90,15.875,DETERMINISTIC_FALLBACK_NOT_UCI
135.625,0.0,0.0,140.059,0.0,1085.44,730.798,180,2.3,DETERMINISTIC_FALLBACK_NOT_UCI
278.932,105.988,0.0,134.441,16.219,1064.861,725.714,100,31.044,DETERMINISTIC_FALLBACK_NOT_UCI
484.893,66.436,91.685,223.566,9.046,1016.231,618.742,56,46.155,DETERMINISTIC_FALLBACK_NOT_UCI
505.382,204.418,0.0,173.807,1.88,1051.398,629.319,56,50.78,DETERMINISTIC_FALLBACK_NOT_UCI
159.117,0.0,199.959,208.681,9.957,1110.249,641.859,7,2.3,DETERMINISTIC_FALLBACK_NOT_UCI
534.686,0.0,169.073,215.106,31.742,1038.971,618.453,28,46.478,DETERMINISTIC_FALLBACK_NOT_UCI
228.268,233.59,0.0,217.044,29.836,1025.545,655.319,56,22.622,DETERMINISTIC_FALLBACK_NOT_UCI
487.077,0.0,115.163,132.034,0.0,857.287,740.846,1,35.309,DETERMINISTIC_FALLBACK_NOT_UCI
111.792,340.497,0.0,135.157,0.0,1103.531,673.698,100,16.807,DETERMINISTIC_FALLBACK_NOT_UCI
326.528,0.0,144.229,199.887,31.864,960.14,680.262,100,44.712,DETERMINISTIC_FALLBACK_NOT_UCI
148.354,32.252,0.0,219.204,11.427,969.49,852.052,14,2.3,DETERMINISTIC_FALLBACK_NOT_UCI
449.439,0.0,30.284,212.552,0.0,1094.426,717.77,90,43.976,DETERMINISTIC_FALLBACK_NOT_UCI
230.123,0.0,164.19,153.408,27.982,1012.41,787.96,180,32.632,DETERMINISTIC_FALLBACK_NOT_UCI
194.187,93.627,0.0,172.988,11.756,1089.597,666.072,7,8.375,DETERMINISTIC_FALLBACK_NOT_UCI
128.062,0.0,139.738,160.658,0.0,808.317,754.659,1,2.3,DETERMINISTIC_FALLBACK_NOT_UCI
360.505,0.0,131.72,165.337,0.0,1114.834,632.894,28,34.828,DETERMINISTIC_FALLBACK_NOT_UCI
520.924,0.0,20.522,145.66,22.252,1034.263,858.803,56,63.421,DETERMINISTIC_FALLBACK_NOT_UCI
517.37,318.622,21.149,241.702,0.0,1015.188,810.159,180,56.168,DETERMINISTIC_FALLBACK_NOT_UCI
397.932,312.024,177.832,242.716,0.0,1018.206,642.735,1,29.103,DETERMINISTIC_FALLBACK_NOT_UCI
407.629,0.0,141.483,159.982,16.531,809.152,771.371,7,24.07,DETERMINISTIC_FALLBACK_NOT_UCI
334.116,166.633,0.0,197.793,0.0,1029.88,670.455,28,31.12,DETERMINISTIC_FALLBACK_NOT_UCI
535.906,68.869,150.629,221.953,10.711,974.365,744.446,3,35.62,DETERMINISTIC_FALLBACK_NOT_UCI
452.651,0.0,0.0,240.092,9.661,943.221,660.771,1,27.798,DETERMINISTIC_FALLBACK_NOT_UCI
477.36,175.395,0.0,202.314,0.0,1119.43,887.694,14,41.378,DETERMINISTIC_FALLBACK_NOT_UCI
534.123,34.419,0.0,160.679,7.785,828.425,762.028,90,58.426,DETERMINISTIC_FALLBACK_NOT_UCI
397.906,0.0,0.0,145.708,20.199,1077.034,604.918,365,51.686,DETERMINISTIC_FALLBACK_NOT_UCI
193.633,0.0,0.0,217.406,8.262,921.114,989.809,365,9.776,DETERMINISTIC_FALLBACK_NOT_UCI
187.913,64.562,185.903,205.679,0.0,910.626,797.352,7,7.75,DETERMINISTIC_FALLBACK_NOT_UCI
129.695,139.215,192.211,143.108,0.0,1008.456,914.964,7,7.204,DETERMINISTIC_FALLBACK_NOT_UCI
410.247,0.0,0.0,132.221,20.163,836.556,724.526,180,52.621,DETERMINISTIC_FALLBACK_NOT_UCI
467.629,256.973,0.0,128.795,23.912,893.882,661.757,56,68.841,DETERMINISTIC_FALLBACK_NOT_UCI
379.521,341.354,47.814,216.373,17.043,1008.732,735.984,3,32.312,DETERMINISTIC_FALLBACK_NOT_UCI
367.881,92.892,96.899,239.154,19.211,895.402,952.447,28,38.071,DETERMINISTIC_FALLBACK_NOT_UCI
475.88,0.0,0.0,131.285,0.0,946.922,634.622,28,49.081,DETERMINISTIC_FALLBACK_NOT_UCI
330.068,0.0,0.0,232.112,17.966,949.404,611.187,3,15.403,DETERMINISTIC_FALLBACK_NOT_UCI
166.853,31.246,62.821,148.95,10.246,861.922,755.466,28,13.905,DETERMINISTIC_FALLBACK_NOT_UCI
505.805,214.399,185.444,174.348,13.308,1007.393,677.287,180,71.093,DETERMINISTIC_FALLBACK_NOT_UCI
435.249,58.056,94.07,169.649,0.0,873.584,771.665,90,51.391,DETERMINISTIC_FALLBACK_NOT_UCI
428.153,0.0,184.884,219.745,2.276,997.993,720.161,14,37.526,DETERMINISTIC_FALLBACK_NOT_UCI
180.141,0.0,0.0,220.981,0.0,999.109,828.438,56,2.3,DETERMINISTIC_FALLBACK_NOT_UCI
283.239,0.0,0.0,170.71,21.729,1041.073,689.673,180,32.331,DETERMINISTIC_FALLBACK_NOT_UCI
487.42,245.318,0.0,132.784,20.583,874.939,842.42,56,57.86,DETERMINISTIC_FALLBACK_NOT_UCI
502.9,178.655,44.424,152.962,0.0,1037.893,947.716,28,44.974,DETERMINISTIC_FALLBACK_NOT_UCI
303.465,0.0,0.0,159.298,13.765,1086.007,745.05,56,35.947,DETERMINISTIC_FALLBACK_NOT_UCI
379.714,36.113,0.0,195.609,15.257,922.498,778.22,1,28.003,DETERMINISTIC_FALLBACK_NOT_UCI
536.677,0.0,0.0,231.018,4.963,935.215,899.725,3,42.474,DETERMINISTIC_FALLBACK_NOT_UCI
288.884,0.0,0.0,143.711,23.379,1062.629,820.128,28,29.726,DETERMINISTIC_FALLBACK_NOT_UCI
318.878,106.092,83.894,174.65,8.192,1103.133,673.862,14,28.525,DETERMINISTIC_FALLBACK_NOT_UCI
372.684,349.192,0.0,146.152,0.0,899.285,705.323,180,49.96,DETERMINISTIC_FALLBACK_NOT_UCI
142.613,0.0,0.0,152.03,25.156,861.229,608.975,14,2.3,DETERMINISTIC_FALLBACK_NOT_UCI
512.298,301.058,0.0,224.597,10.78,1022.845,837.251,28,53.048,DETERMINISTIC_FALLBACK_NOT_UCI
394.422,0.0,0.0,242.565,6.009,976.222,710.48,1,13.458,DETERMINISTIC_FALLBACK_NOT_UCI
328.131,0.0,95.941,134.295,24.221,802.254,680.838,28,33.061,DETERMINISTIC_FALLBACK_NOT_UCI
170.447,0.0,0.0,213.923,15.975,842.218,899.652,56,2.3,DETERMINISTIC_FALLBACK_NOT_UCI
276.777,351.379,137.61,178.912,21.021,951.111,789.845,365,61.774,DETERMINISTIC_FALLBACK_NOT_UCI
177.014,27.955,165.246,191.689,0.0,1095.406,735.739,3,2.3,DETERMINISTIC_FALLBACK_NOT_UCI
434.492,0.0,0.0,212.782,26.372,991.042,791.956,14,39.754,DETERMINISTIC_FALLBACK_NOT_UCI
537.03,315.816,0.0,237.937,15.456,954.354,947.836,365,73.941,DETERMINISTIC_FALLBACK_NOT_UCI
469.953,250.533,0.0,202.778,22.947,807.989,731.053,28,49.966,DETERMINISTIC_FALLBACK_NOT_UCI
301.4,0.0,89.42,140.984,0.0,1132.059,720.977,3,14.656,DETERMINISTIC_FALLBACK_NOT_UCI
378.879,89.956,181.14,147.709,9.454,1059.229,681.518,365,60.819,DETERMINISTIC_FALLBACK_NOT_UCI
359.433,0.0,0.0,246.467,11.899,1133.566,768.336,14,30.908,DETERMINISTIC_FALLBACK_NOT_UCI
135.138,0.0,0.0,153.146,4.718,1037.431,974.254,28,2.3,DETERMINISTIC_FALLBACK_NOT_UCI
440.318,0.0,0.0,204.375,0.0,876.244,747.057,56,38.508,DETERMINISTIC_FALLBACK_NOT_UCI
192.111,0.0,0.0,157.615,0.0,875.733,985.692,28,2.841,DETERMINISTIC_FALLBACK_NOT_UCI
174.528,221.578,0.0,162.742,0.0,978.088,972.296,7,2.3,DETERMINISTIC_FALLBACK_NOT_UCI
355.237,0.0,0.0,185.464,7.838,1138.537,952.226,28,30.701,DETERMINISTIC_FALLBACK_NOT_UCI
273.18,0.0,77.646,155.218,17.382,942.171,802.869,28,25.829,DETERMINISTIC_FALLBACK_NOT_UCI
456.468,199.435,0.0,239.895,7.097,973.052,946.383,28,39.516,DETERMINISTIC_FALLBACK_NOT_UCI
274.134,0.0,0.0,175.097,0.0,935.984,661.951,28,17.437,DETERMINISTIC_FALLBACK_NOT_UCI
424.548,230.786,0.0,238.853,0.0,889.889,771.656,28,43.026,DETERMINISTIC_FALLBACK_NOT_UCI
377.823,239.711,170.115,127.054,0.0,805.391,661.469,28,42.064,DETERMINISTIC_FALLBACK_NOT_UCI
130.211,267.977,126.138,139.784,0.0,841.868,782.485,365,37.406,DETERMINISTIC_FALLBACK_NOT_UCI
319.785,0.0,162.451,197.774,15.032,1069.826,774.704,28,29.144,DETERMINISTIC_FALLBACK_NOT_UCI
496.335,320.502,96.649,237.402,24.584,960.402,624.682,28,55.269,DETERMINISTIC_FALLBACK_NOT_UCI
174.421,353.313,0.0,198.876,13.424,1001.396,981.712,28,20.292,DETERMINISTIC_FALLBACK_NOT_UCI
253.993,0.0,0.0,139.383,11.608,1043.142,836.2,28,25.336,DETERMINISTIC_FALLBACK_NOT_UCI
394.494,0.0,0.0,158.271,25.354,1098.313,944.276,1,25.14,DETERMINISTIC_FALLBACK_NOT_UCI
321.922,0.0,0.0,193.319,9.417,1083.354,805.448,56,28.118,DETERMINISTIC_FALLBACK_NOT_UCI
295.809,232.817,138.808,148.93,2.182,814.974,598.638,28,36.855,DETERMINISTIC_FALLBACK_NOT_UCI
214.213,0.0,32.382,202.098,7.483,1009.743,599.084,90,9.813,DETERMINISTIC_FALLBACK_NOT_UCI
258.434,0.0,0.0,185.533,0.0,1099.737,759.39,14,5.715,DETERMINISTIC_FALLBACK_NOT_UCI
319.736,170.448,104.038,169.656,18.543,1096.864,933.699,56,45.067,DETERMINISTIC_FALLBACK_NOT_UCI
289.27,0.0,54.016,199.08,0.0,1031.014,895.089,28,15.489,DETERMINISTIC_FALLBACK_NOT_UCI
106.229,70.398,185.086,203.492,0.0,909.849,853.554,28,2.3,DETERMINISTIC_FALLBACK_NOT_UCI
217.025,129.836,180.672,187.204,0.0,1077.539,635.79,28,26.874,DETERMINISTIC_FALLBACK_NOT_UCI
261.213,288.526,0.0,224.875,15.302,999.825,804.033,56,30.906,DETERMINISTIC_FALLBACK_NOT_UCI
443.865,51.564,0.0,204.465,0.0,957.118,883.626,28,38.112,DETERMINISTIC_FALLBACK_NOT_UCI
413.868,0.0,0.0,233.974,11.124,892.074,924.847,28,22.761,DETERMINISTIC_FALLBACK_NOT_UCI
121.773,309.473,113.24,128.064,9.48,904.772,725.834,3,18.824,DETERMINISTIC_FALLBACK_NOT_UCI
269.498,0.0,0.0,188.05,0.0,931.232,669.449,1,4.655,DETERMINISTIC_FALLBACK_NOT_UCI
531.307,329.415,0.0,130.506,28.584,983.729,608.866,90,71.671,DETERMINISTIC_FALLBACK_NOT_UCI
315.029,22.847,0.0,204.992,0.0,1116.707,965.168,28,17.967,DETERMINISTIC_FALLBACK_NOT_UCI
528.987,273.403,84.575,163.465,0.0,1104.767,628.752,28,53.207,DETERMINISTIC_FALLBACK_NOT_UCI
287.367,0.0,119.76,132.198,10.481,976.426,797.103,7,19.823,DETERMINISTIC_FALLBACK_NOT_UCI
353.984,0.0,0.0,123.959,3.061,898.231,609.403,28,34.774,DETERMINISTIC_FALLBACK_NOT_UCI
340.131,135.537,70.025,213.785,14.37,1028.995,647.012,28,32.793,DETERMINISTIC_FALLBACK_NOT_UCI
317.157,61.627,0.0,225.362,2.6,1062.26,858.72,28,27.334,DETERMINISTIC_FALLBACK_NOT_UCI
168.618,0.0,0.0,222.619,28.577,1029.924,856.965,28,2.3,DETERMINISTIC_FALLBACK_NOT_UCI
141.003,355.126,89.889,201.728,11.479,894.38,638.162,365,44.584,DETERMINISTIC_FALLBACK_NOT_UCI
206.322,20.358,33.241,191.56,18.487,956.888,797.529,7,2.3,DETERMINISTIC_FALLBACK_NOT_UCI
239.297,0.0,0.0,135.293,0.0,1124.199,772.23,7,14.669,DETERMINISTIC_FALLBACK_NOT_UCI
480.517,240.718,40.753,235.441,0.0,1075.186,638.271,28,58.288,DETERMINISTIC_FALLBACK_NOT_UCI
370.653,188.867,0.0,188.64,26.643,1125.281,643.491,7,31.932,DETERMINISTIC_FALLBACK_NOT_UCI
139.197,0.0,141.777,196.8,7.058,925.104,669.58,56,2.3,DETERMINISTIC_FALLBACK_NOT_UCI
127.414,0.0,36.507,214.954,3.818,898.249,853.866,7,2.3,DETERMINISTIC_FALLBACK_NOT_UCI
124.892,0.0,139.251,163.973,26.548,953.194,804.623,365,12.951,DETERMINISTIC_FALLBACK_NOT_UCI
161.903,0.0,0.0,187.714,13.185,1139.191,943.49,14,2.3,DETERMINISTIC_FALLBACK_NOT_UCI
120.392,109.221,130.908,233.311,13.073,961.053,726.957,90,10.125,DETERMINISTIC_FALLBACK_NOT_UCI
134.456,105.27,23.401,221.342,0.0,910.416,988.981,28,2.3,DETERMINISTIC_FALLBACK_NOT_UCI
170.174,0.0,0.0,177.228,5.436,853.803,958.553,14,2.3,DETERMINISTIC_FALLBACK_NOT_UCI
166.209,0.0,39.916,216.665,0.0,883.545,853.041,180,2.3,DETERMINISTIC_FALLBACK_NOT_UCI
246.625,29.695,169.892,128.227,14.167,876.906,717.594,28,34.399,DETERMINISTIC_FALLBACK_NOT_UCI
171.47,228.059,0.0,246.885,0.0,970.656,790.206,56,13.93,DETERMINISTIC_FALLBACK_NOT_UCI
288.571,0.0,0.0,153.205,9.97,1113.005,932.463,365,38.214,DETERMINISTIC_FALLBACK_NOT_UCI
281.797,19.821,94.654,245.024,0.0,1124.351,613.951,28,7.307,DETERMINISTIC_FALLBACK_NOT_UCI
341.312,0.0,133.791,196.918,0.0,1133.956,751.547,28,32.587,DETERMINISTIC_FALLBACK_NOT_UCI
308.564,0.0,0.0,195.075,29.751,1085.272,838.395,56,27.704,DETERMINISTIC_FALLBACK_NOT_UCI
294.556,64.154,0.0,177.19,0.0,1029.563,753.747,365,32.976,DETERMINISTIC_FALLBACK_NOT_UCI
128.339,0.0,0.0,159.176,7.174,953.026,785.894,90,2.3,DETERMINISTIC_FALLBACK_NOT_UCI
317.39,0.0,43.709,140.084,0.0,982.841,751.184,28,19.77,DETERMINISTIC_FALLBACK_NOT_UCI
426.237,343.132,114.796,192.602,0.0,1121.37,596.811,180,63.041,DETERMINISTIC_FALLBACK_NOT_UCI
455.402,144.562,42.794,230.919,0.0,940.849,625.461,28,41.229,DETERMINISTIC_FALLBACK_NOT_UCI
475.794,0.0,0.0,174.021,0.0,1058.733,682.31,1,36.659,DETERMINISTIC_FALLBACK_NOT_UCI
450.652,0.0,0.0,199.672,12.691,818.037,802.027,28,33.909,DETERMINISTIC_FALLBACK_NOT_UCI
107.477,122.083,0.0,191.485,7.845,912.111,833.804,3,2.3,DETERMINISTIC_FALLBACK_NOT_UCI
384.893,0.0,39.728,221.258,10.301,972.205,824.243,28,28.107,DETERMINISTIC_FALLBACK_NOT_UCI
182.184,256.272,0.0,203.24,22.299,1144.134,851.07,7,15.332,DETERMINISTIC_FALLBACK_NOT_UCI
327.256,0.0,0.0,162.9,0.0,839.043,752.167,180,44.379,DETERMINISTIC_FALLBACK_NOT_UCI
335.772,0.0,0.0,204.598,24.338,996.696,675.956,14,26.276,DETERMINISTIC_FALLBACK_NOT_UCI
472.629,205.88,74.054,122.312,17.595,872.893,767.621,365,71.822,DETERMINISTIC_FALLBACK_NOT_UCI
272.865,170.756,154.519,212.79,16.342,916.237,893.119,28,29.525,DETERMINISTIC_FALLBACK_NOT_UCI
377.463,0.0,54.172,210.82,29.875,979.568,933.486,28,39.629,DETERMINISTIC_FALLBACK_NOT_UCI
389.615,155.757,0.0,245.207,18.674,925.225,762.011,28,39.922,DETERMINISTIC_FALLBACK_NOT_UCI
438.809,0.0,0.0,124.12,0.0,946.928,847.049,90,47.874,DETERMINISTIC_FALLBACK_NOT_UCI
490.918,295.008,0.0,185.168,29.657,849.941,803.26,28,59.722,DETERMINISTIC_FALLBACK_NOT_UCI
179.767,28.283,0.0,193.346,29.399,855.928,755.101,3,2.3,DETERMINISTIC_FALLBACK_NOT_UCI
139.382,0.0,32.416,192.745,23.998,1023.951,842.812,28,2.3,DETERMINISTIC_FALLBACK_NOT_UCI
493.139,129.665,123.901,193.527,6.178,1087.54,969.455,14,51.847,DETERMINISTIC_FALLBACK_NOT_UCI
208.041,0.0,61.128,246.346,12.9,940.852,695.884,7,2.3,DETERMINISTIC_FALLBACK_NOT_UCI
122.818,250.416,57.36,212.314,0.0,956.666,666.524,28,14.254,DETERMINISTIC_FALLBACK_NOT_UCI
517.948,0.0,0.0,228.887,0.0,876.56,907.299,7,33.199,DETERMINISTIC_FALLBACK_NOT_UCI
301.496,0.0,0.0,124.145,4.374,1038.721,830.293,100,28.456,DETERMINISTIC_FALLBACK_NOT_UCI
127.254,284.696,0.0,179.587,10.043,1055.921,735.881,14,11.657,DETERMINISTIC_FALLBACK_NOT_UCI
486.262,78.384,0.0,217.814,20.619,939.616,807.736,3,47.185,DETERMINISTIC_FALLBACK_NOT_UCI
525.677,0.0,0.0,205.354,22.85,899.242,606.638,90,56.779,DETERMINISTIC_FALLBACK_NOT_UCI
265.482,19.087,0.0,216.256,5.627,989.621,736.172,7,17.872,DETERMINISTIC_FALLBACK_NOT_UCI
144.541,32.097,115.197,226.343,7.095,1138.11,926.561,28,2.3,DETERMINISTIC_FALLBACK_NOT_UCI
199.199,0.0,81.708,173.061,0.0,1080.71,908.442,7,5.991,DETERMINISTIC_FALLBACK_NOT_UCI
186.857,87.719,0.0,194.831,0.0,809.158,833.193,3,2.3,DETERMINISTIC_FALLBACK_NOT_UCI
233.515,329.217,0.0,172.957,0.0,1046.095,947.784,56,32.114,DETERMINISTIC_FALLBACK_NOT_UCI
539.201,346.342,0.0,138.976,13.624,938.597,938.149,100,72.503,DETERMINISTIC_FALLBACK_NOT_UCI
106.758,0.0,0.0,142.818,28.055,880.806,632.809,28,2.3,DETERMINISTIC_FALLBACK_NOT_UCI
137.674,0.0,0.0,155.73,0.0,943.604,944.935,28,2.3,DETERMINISTIC_FALLBACK_NOT_UCI
189.996,0.0,0.0,234.181,12.193,949.573,793.313,1,2.3,DETERMINISTIC_FALLBACK_NOT_UCI
305.475,0.0,0.0,232.131,4.476,1079.929,855.897,28,12.906,DETERMINISTIC_FALLBACK_NOT_UCI
266.253,45.804,159.675,145.95,11.92,805.157,866.871,180,42.578,DETERMINISTIC_FALLBACK_NOT_UCI
523.789,55.433,128.096,218.762,29.582,968.019,680.27,180,68.788,DETERMINISTIC_FALLBACK_NOT_UCI
138.348,90.045,0.0,244.388,0.0,995.784,937.19,7,2.3,DETERMINISTIC_FALLBACK_NOT_UCI
508.645,0.0,0.0,203.291,0.0,869.702,881.301,90,48.26,DETERMINISTIC_FALLBACK_NOT_UCI
333.481,74.727,0.0,220.451,0.0,838.302,867.779,365,39.711,DETERMINISTIC_FALLBACK_NOT_UCI
483.124,268.68,196.133,188.855,23.509,1029.46,713.742,28,52.422,DETERMINISTIC_FALLBACK_NOT_UCI
440.433,0.0,94.171,210.68,4.538,836.145,701.742,14,31.529,DETERMINISTIC_FALLBACK_NOT_UCI
426.974,0.0,67.01,164.861,21.244,893.203,693.993,28,41.153,DETERMINISTIC_FALLBACK_NOT_UCI
465.852,233.348,0.0,184.01,20.331,973.042,946.499,56,53.728,DETERMINISTIC_FALLBACK_NOT_UCI
270.185,239.271,0.0,218.214,4.983,976.55,668.126,28,22.713,DETERMINISTIC_FALLBACK_NOT_UCI
197.019,0.0,0.0,161.021,0.0,967.765,709.639,100,9.099,DETERMINISTIC_FALLBACK_NOT_UCI
138.773,288.835,0.0,131.752,0.0,972.405,595.869,7,12.917,DETERMINISTIC_FALLBACK_NOT_UCI
390.791,0.0,191.402,210.291,0.0,936.232,774.091,14,34.622,DETERMINISTIC_FALLBACK_NOT_UCI
277.884,346.601,136.302,210.413,12.748,1084.493,852.531,28,28.235,DETERMINISTIC_FALLBACK_NOT_UCI
521.321,304.349,0.0,151.527,22.365,1062.998,670.623,28,65.456,DETERMINISTIC_FALLBACK_NOT_UCI
469.99,25.863,0.0,134.126,19.689,848.985,605.831,90,62.691,DETERMINISTIC_FALLBACK_NOT_UCI
242.26,251.966,54.113,167.933,17.864,890.372,669.316,7,33.387,DETERMINISTIC_FALLBACK_NOT_UCI
153.842,39.912,163.975,227.084,0.0,1022.721,976.211,7,2.3,DETERMINISTIC_FALLBACK_NOT_UCI
271.462,0.0,0.0,157.398,17.621,818.493,702.611,7,14.653,DETERMINISTIC_FALLBACK_NOT_UCI
121.73,0.0,0.0,186.495,22.366,980.426,832.608,28,2.3,DETERMINISTIC_FALLBACK_NOT_UCI
357.222,224.677,25.269,134.001,13.643,882.841,836.708,3,29.629,DETERMINISTIC_FALLBACK_NOT_UCI
204.65,0.0,0.0,166.031,0.0,1054.823,828.311,3,2.3,DETERMINISTIC_FALLBACK_NOT_UCI
113.649,0.0,138.899,196.457,18.162,1086.676,651.618,3,2.3,DETERMINISTIC_FALLBACK_NOT_UCI
287.154,0.0,0.0,174.15,0.0,820.734,638.503,28,22.383,DETERMINISTIC_FALLBACK_NOT_UCI
466.615,213.259,0.0,217.097,23.369,1116.832,986.305,7,41.585,DETERMINISTIC_FALLBACK_NOT_UCI
484.529,0.0,0.0,221.624,0.0,835.778,782.768,28,44.814,DETERMINISTIC_FALLBACK_NOT_UCI
138.715,0.0,0.0,212.072,29.451,951.9,925.389,90,2.3,DETERMINISTIC_FALLBACK_NOT_UCI
370.949,254.739,0.0,210.621,8.254,987.247,964.007,7,43.571,DETERMINISTIC_FALLBACK_NOT_UCI
175.043,260.876,0.0,122.575,12.97,914.498,606.356,90,35.641,DETERMINISTIC_FALLBACK_NOT_UCI
382.2,250.106,106.683,135.66,13.422,986.38,851.499,3,41.396,DETERMINISTIC_FALLBACK_NOT_UCI
429.849,358.811,0.0,202.959,6.825,1137.479,855.154,90,52.756,DETERMINISTIC_FALLBACK_NOT_UCI
130.568,0.0,85.459,212.416,19.364,949.49,686.415,14,2.3,DETERMINISTIC_FALLBACK_NOT_UCI
405.006,120.53,0.0,191.169,0.0,829.319,630.338,90,44.247,DETERMINISTIC_FALLBACK_NOT_UCI
147.573,54.721,0.0,205.472,24.643,802.447,893.048,7,2.3,DETERMINISTIC_FALLBACK_NOT_UCI
234.928,0.0,173.568,192.194,10.758,1071.448,977.262,90,23.272,DETERMINISTIC_FALLBACK_NOT_UCI
209.463,0.0,0.0,160.852,0.0,839.97,817.752,7,2.3,DETERMINISTIC_FALLBACK_NOT_UCI
376.443,0.0,0.0,206.422,11.183,1036.845,786.568,28,35.853,DETERMINISTIC_FALLBACK_NOT_UCI
141.249,94.119,135.262,168.253,22.661,1089.323,964.351,100,18.202,DETERMINISTIC_FALLBACK_NOT_UCI
344.622,0.0,0.0,214.295,0.0,966.54,703.757,56,23.508,DETERMINISTIC_FALLBACK_NOT_UCI
154.711,92.992,0.0,202.69,31.988,1087.124,734.696,7,2.3,DETERMINISTIC_FALLBACK_NOT_UCI
432.198,175.216,67.86,169.405,11.255,1052.059,858.252,28,48.17,DETERMINISTIC_FALLBACK_NOT_UCI
449.835,211.209,0.0,242.441,0.0,1068.612,863.717,28,35.466,DETERMINISTIC_FALLBACK_NOT_UCI
527.255,79.557,0.0,138.678,29.168,932.899,718.776,7,61.462,DETERMINISTIC_FALLBACK_NOT_UCI
406.581,170.653,79.199,128.963,0.0,960.41,834.623,7,42.679,DETERMINISTIC_FALLBACK_NOT_UCI
471.943,257.524,177.676,244.971,0.0,1043.155,938.685,28,44.217,DETERMINISTIC_FALLBACK_NOT_UCI
171.833,194.964,110.949,195.844,0.0,1012.334,957.526,100,18.657,DETERMINISTIC_FALLBACK_NOT_UCI
217.126,31.482,0.0,181.883,0.0,912.79,799.583,28,10.075,DETERMINISTIC_FALLBACK_NOT_UCI
211.417,264.209,132.915,216.073,1.786,977.427,947.54,180,28.539,DETERMINISTIC_FALLBACK_NOT_UCI
265.288,97.55,0.0,209.135,10.871,933.035,777.677,28,18.284,DETERMINISTIC_FALLBACK_NOT_UCI
416.327,0.0,0.0,189.349,16.824,1120.683,803.977,365,52.59,DETERMINISTIC_FALLBACK_NOT_UCI
245.589,63.454,0.0,195.327,6.754,1021.511,693.846,3,11.765,DETERMINISTIC_FALLBACK_NOT_UCI
210.904,268.137,0.0,223.541,17.365,887.644,811.736,56,24.731,DETERMINISTIC_FALLBACK_NOT_UCI
486.43,0.0,181.915,154.233,0.0,1142.905,803.18,14,47.745,DETERMINISTIC_FALLBACK_NOT_UCI
272.315,0.0,0.0,221.495,20.654,1134.492,827.199,28,12.215,DETERMINISTIC_FALLBACK_NOT_UCI
467.21,33.751,0.0,163.031,0.0,989.394,840.632,28,40.296,DETERMINISTIC_FALLBACK_NOT_UCI
158.146,0.0,36.675,167.499,24.309,1130.269,857.681,180,6.723,DETERMINISTIC_FALLBACK_NOT_UCI
229.12,109.007,43.347,184.198,1.811,925.88,793.743,7,9.43,DETERMINISTIC_FALLBACK_NOT_UCI
164.807,302.525,0.0,245.882,15.079,950.89,904.729,7,7.022,DETERMINISTIC_FALLBACK_NOT_UCI
141.384,281.954,0.0,130.803,7.635,1061.307,918.967,3,17.961,DETERMINISTIC_FALLBACK_NOT_UCI
217.352,186.822,49.696,190.452,0.0,952.005,882.953,90,26.331,DETERMINISTIC_FALLBACK_NOT_UCI
102.213,0.0,0.0,149.28,6.987,918.51,871.907,100,2.3,DETERMINISTIC_FALLBACK_NOT_UCI
510.228,173.636,39.289,170.604,31.125,1115.469,747.182,28,63.149,DETERMINISTIC_FALLBACK_NOT_UCI
370.081,66.254,185.328,234.746,0.0,995.402,755.328,28,34.246,DETERMINISTIC_FALLBACK_NOT_UCI
178.386,310.362,42.778,196.224,25.127,1096.541,652.026,1,10.934,DETERMINISTIC_FALLBACK_NOT_UCI
539.367,310.573,0.0,222.865,0.0,848.103,818.661,365,69.299,DETERMINISTIC_FALLBACK_NOT_UCI
379.212,0.0,92.5,142.593,20.856,896.428,770.2,1,38.565,DETERMINISTIC_FALLBACK_NOT_UCI
396.443,25.715,0.0,124.876,0.0,989.327,947.765,28,42.353,DETERMINISTIC_FALLBACK_NOT_UCI
439.314,19.439,0.0,150.046,0.0,1067.191,663.201,7,33.729,DETERMINISTIC_FALLBACK_NOT_UCI
269.095,78.345,157.951,139.803,29.002,1012.495,731.9,90,48.884,DETERMINISTIC_FALLBACK_NOT_UCI
381.668,71.146,0.0,192.263,30.804,1052.294,951.198,365,53.107,DETERMINISTIC_FALLBACK_NOT_UCI
210.781,0.0,32.111,191.121,0.0,911.675,881.917,28,6.992,DETERMINISTIC_FALLBACK_NOT_UCI
276.354,41.375,0.0,219.286,15.26,816.555,647.071,7,6.523,DETERMINISTIC_FALLBACK_NOT_UCI
208.854,249.404,0.0,133.809,0.0,968.537,923.46,28,27.559,DETERMINISTIC_FALLBACK_NOT_UCI
286.85,0.0,0.0,223.544,2.639,1142.136,637.977,90,17.247,DETERMINISTIC_FALLBACK_NOT_UCI
130.33,22.065,0.0,221.534,6.984,1066.552,722.766,28,2.3,DETERMINISTIC_FALLBACK_NOT_UCI
112.75,0.0,0.0,127.729,0.0,1091.563,782.532,90,2.3,DETERMINISTIC_FALLBACK_NOT_UCI
290.164,18.797,20.74,170.091,31.58,930.153,829.307,7,12.228,DETERMINISTIC_FALLBACK_NOT_UCI
296.94,111.948,0.0,218.885,0.0,864.571,919.363,14,21.411,DETERMINISTIC_FALLBACK_NOT_UCI
316.95,0.0,25.4,143.8,14.553,933.714,598.36,28,31.236,DETERMINISTIC_FALLBACK_NOT_UCI
142.641,159.793,0.0,165.83,0.0,980.804,992.688,28,8.104,DETERMINISTIC_FALLBACK_NOT_UCI
209.221,177.435,32.234,213.067,0.0,1002.542,595.565,7,3.155,DETERMINISTIC_FALLBACK_NOT_UCI
389.752,259.378,152.255,172.855,9.871,844.281,955.328,28,50.174,DETERMINISTIC_FALLBACK_NOT_UCI
340.43,0.0,0.0,171.975,7.044,953.618,969.306,28,31.126,DETERMINISTIC_FALLBACK_NOT_UCI
438.326,0.0,0.0,142.292,25.683,801.274,860.256,365,65.417,DETERMINISTIC_FALLBACK_NOT_UCI
247.069,298.418,88.558,245.937,9.489,878.568,956.837,365,42.552,DETERMINISTIC_FALLBACK_NOT_UCI
217.632,76.229,0.0,153.077,31.767,959.412,974.557,90,31.359,DETERMINISTIC_FALLBACK_NOT_UCI
416.176,169.571,0.0,235.757,0.0,846.887,934.904,28,36.467,DETERMINISTIC_FALLBACK_NOT_UCI
209.209,0.0,91.319,171.886,29.331,1055.616,956.499,7,8.194,DETERMINISTIC_FALLBACK_NOT_UCI
226.631,0.0,83.422,183.136,17.234,1006.478,625.064,365,29.053,DETERMINISTIC_FALLBACK_NOT_UCI
240.691,259.972,0.0,238.636,0.0,921.46,647.008,7,15.347,DETERMINISTIC_FALLBACK_NOT_UCI
166.106,219.062,0.0,245.903,28.214,948.565,958.716,90,17.606,DETERMINISTIC_FALLBACK_NOT_UCI
327.265,283.772,192.145,154.049,27.72,1110.41,983.827,28,49.314,DETERMINISTIC_FALLBACK_NOT_UCI
260.195,0.0,0.0,229.431,13.371,1141.431,620.35,7,2.3,DETERMINISTIC_FALLBACK_NOT_UCI
113.829,266.132,0.0,137.913,18.295,1003.849,758.166,28,21.165,DETERMINISTIC_FALLBACK_NOT_UCI
446.028,149.215,83.78,225.888,31.463,1123.214,651.408,14,47.589,DETERMINISTIC_FALLBACK_NOT_UCI
418.716,57.232,0.0,200.351,25.827,915.195,786.086,7,32.915,DETERMINISTIC_FALLBACK_NOT_UCI
184.397,285.143,0.0,236.567,30.035,957.224,806.777,28,20.445,DETERMINISTIC_FALLBACK_NOT_UCI
197.709,18.125,0.0,243.571,23.83,1097.942,687.597,28,2.3,DETERMINISTIC_FALLBACK_NOT_UCI
321.224,252.602,0.0,175.034,24.509,884.175,772.48,3,35.362,DETERMINISTIC_FALLBACK_NOT_UCI
408.065,255.879,156.251,198.162,0.0,1142.923,699.34,28,41.237,DETERMINISTIC_FALLBACK_NOT_UCI
266.881,0.0,79.609,135.866,20.58,973.348,767.908,3,21.196,DETERMINISTIC_FALLBACK_NOT_UCI
459.222,100.547,0.0,147.112,22.035,1071.442,805.775,3,47.424,DETERMINISTIC_FALLBACK_NOT_UCI
538.281,0.0,0.0,231.05,0.0,852.111,628.545,14,37.966,DETERMINISTIC_FALLBACK_NOT_UCI
371.095,177.46,0.0,153.338,20.113,995.274,798.753,56,44.596,DETERMINISTIC_FALLBACK_NOT_UCI
323.563,63.891,0.0,195.072,19.747,1011.709,703.192,28,23.79,DETERMINISTIC_FALLBACK_NOT_UCI
237.37,296.691,0.0,160.834,0.0,1034.191,829.019,7,30.319,DETERMINISTIC_FALLBACK_NOT_UCI
261.916,0.0,192.549,173.932,0.0,1018.348,650.724,28,14.938,DETERMINISTIC_FALLBACK_NOT_UCI
180.463,0.0,64.822,214.69,0.0,887.914,793.983,14,2.3,DETERMINISTIC_FALLBACK_NOT_UCI
423.387,25.77,161.205,182.529,27.213,1143.845,843.475,7,36.217,DETERMINISTIC_FALLBACK_NOT_UCI
468.281,137.456,37.523,243.688,0.0,1040.327,631.065,28,40.436,DETERMINISTIC_FALLBACK_NOT_UCI
243.91,0.0,0.0,218.955,0.0,989.148,629.295,100,14.513,DETERMINISTIC_FALLBACK_NOT_UCI
267.543,0.0,23.143,138.471,2.572,965.87,973.583,28,24.055,DETERMINISTIC_FALLBACK_NOT_UCI
489.09,0.0,125.973,167.234,0.0,1010.64,753.381,28,45.529,DETERMINISTIC_FALLBACK_NOT_UCI
174.18,0.0,156.582,234.757,19.911,1001.086,970.59,28,2.3,DETERMINISTIC_FALLBACK_NOT_UCI
179.333,0.0,0.0,207.418,15.484,1024.933,718.492,56,2.3,DETERMINISTIC_FALLBACK_NOT_UCI
462.245,0.0,0.0,174.444,3.654,1054.02,977.188,14,33.652,DETERMINISTIC_FALLBACK_NOT_UCI
196.66,255.149,141.656,135.543,26.809,939.224,600.707,28,36.608,DETERMINISTIC_FALLBACK_NOT_UCI
289.799,0.0,124.042,224.409,14.625,878.583,930.074,28,19.996,DETERMINISTIC_FALLBACK_NOT_UCI
175.545,287.333,0.0,197.947,19.9,869.958,668.523,365,33.434,DETERMINISTIC_FALLBACK_NOT_UCI
463.785,70.997,0.0,147.433,28.811,945.383,785.992,56,60.617,DETERMINISTIC_FALLBACK_NOT_UCI
241.129,0.0,114.229,166.919,0.0,915.207,708.945,3,15.139,DETERMINISTIC_FALLBACK_NOT_UCI
406.975,82.518,65.888,191.82,27.938,954.321,745.51,90,54.557,DETERMINISTIC_FALLBACK_NOT_UCI
241.203,49.312,0.0,231.768,16.433,1007.202,856.874,7,12.204,DETERMINISTIC_FALLBACK_NOT_UCI
519.382,0.0,0.0,235.253,20.297,952.323,982.882,28,44.353,DETERMINISTIC_FALLBACK_NOT_UCI
259.785,217.826,0.0,246.426,0.0,1094.367,921.016,28,12.215,DETERMINISTIC_FALLBACK_NOT_UCI
160.945,23.253,137.802,208.093,0.0,1042.533,606.966,14,2.3,DETERMINISTIC_FALLBACK_NOT_UCI
208.856,0.0,70.579,165.266,0.0,987.876,638.929,365,27.934,DETERMINISTIC_FALLBACK_NOT_UCI
104.824,135.312,64.049,191.577,0.0,1086.853,979.774,28,2.3,DETERMINISTIC_FALLBACK_NOT_UCI
400.154,0.0,0.0,246.328,0.0,1107.35,808.764,28,26.789,DETERMINISTIC_FALLBACK_NOT_UCI
516.318,0.0,28.115,162.974,21.205,896.282,612.296,28,54.714,DETERMINISTIC_FALLBACK_NOT_UCI
304.907,55.12,75.89,182.571,5.086,842.553,926.897,28,30.081,DETERMINISTIC_FALLBACK_NOT_UCI
456.586,0.0,146.991,163.824,26.404,810.898,653.721,7,41.713,DETERMINISTIC_FALLBACK_NOT_UCI
278.158,0.0,37.822,124.338,15.818,979.842,648.505,100,38.76,DETERMINISTIC_FALLBACK_NOT_UCI
452.555,19.367,156.481,239.001,0.0,1064.701,792.153,56,51.115,DETERMINISTIC_FALLBACK_NOT_UCI
437.834,134.881,110.519,170.822,6.401,808.195,971.081,28,47.096,DETERMINISTIC_FALLBACK_NOT_UCI
274.726,0.0,0.0,194.367,0.0,938.445,862.608,56,18.813,DETERMINISTIC_FALLBACK_NOT_UCI
450.112,0.0,67.037,153.881,6.523,1069.173,878.466,7,38.424,DETERMINISTIC_FALLBACK_NOT_UCI
115.932,102.417,134.797,157.729,6.903,1127.875,604.208,28,17.609,DETERMINISTIC_FALLBACK_NOT_UCI
464.06,267.087,95.269,235.725,21.389,1111.242,821.751,56,58.932,DETERMINISTIC_FALLBACK_NOT_UCI
161.171,19.405,0.0,158.778,10.45,1028.834,986.137,14,2.3,DETERMINISTIC_FALLBACK_NOT_UCI
399.358,73.083,0.0,200.65,0.0,961.695,738.102,1,24.991,DETERMINISTIC_FALLBACK_NOT_UCI
219.074,0.0,0.0,218.388,5.122,860.823,743.579,28,6.85,DETERMINISTIC_FALLBACK_NOT_UCI
249.841,0.0,31.777,215.789,18.785,963.276,773.65,3,2.3,DETERMINISTIC_FALLBACK_NOT_UCI
456.898,0.0,0.0,180.27,0.0,1061.362,910.422,28,50.584,DETERMINISTIC_FALLBACK_NOT_UCI
233.542,182.731,0.0,172.523,15.469,962.873,885.448,100,23.797,DETERMINISTIC_FALLBACK_NOT_UCI
143.84,24.391,0.0,221.556,12.457,900.145,708.216,3,2.3,DETERMINISTIC_FALLBACK_NOT_UCI
285.99,0.0,47.589,201.253,21.403,1108.562,635.588,7,21.86,DETERMINISTIC_FALLBACK_NOT_UCI
352.675,212.533,156.662,231.581,0.0,862.813,708.795,90,39.706,DETERMINISTIC_FALLBACK_NOT_UCI
104.534,0.0,0.0,171.259,0.0,1034.316,808.165,90,2.3,DETERMINISTIC_FALLBACK_NOT_UCI
114.392,71.986,0.0,216.293,0.0,979.17,809.018,28,2.3,DETERMINISTIC_FALLBACK_NOT_UCI
436.288,266.984,78.457,125.582,0.0,1144.902,796.632,90,50.436,DETERMINISTIC_FALLBACK_NOT_UCI
538.073,0.0,28.878,213.787,8.593,813.639,733.206,14,41.389,DETERMINISTIC_FALLBACK_NOT_UCI
493.927,260.629,115.906,212.097,7.835,851.213,937.28,3,20.073,DETERMINISTIC_FALLBACK_NOT_UCI
356.056,0.0,150.42,185.099,27.213,855.073,634.783,14,36.767,DETERMINISTIC_FALLBACK_NOT_UCI
535.543,0.0,45.524,158.378,26.2,919.409,739.939,7,52.316,DETERMINISTIC_FALLBACK_NOT_UCI
219.164,20.713,0.0,192.656,17.218,873.967,703.171,365,23.556,DETERMINISTIC_FALLBACK_NOT_UCI
505.684,75.18,29.1,244.789,26.791,1089.896,629.514,28,47.225,DETERMINISTIC_FALLBACK_NOT_UCI
255.2,0.0,141.577,246.014,19.74,945.534,703.358,14,5.362,DETERMINISTIC_FALLBACK_NOT_UCI
128.758,0.0,0.0,189.429,4.56,1102.321,865.022,1,2.3,DETERMINISTIC_FALLBACK_NOT_UCI
418.586,179.69,141.992,218.348,31.336,821.493,888.622,56,58.907,DETERMINISTIC_FALLBACK_NOT_UCI
500.16,137.537,49.111,208.758,0.0,828.294,675.32,56,56.336,DETERMINISTIC_FALLBACK_NOT_UCI
194.96,0.0,0.0,175.842,0.0,1010.801,967.364,7,2.3,DETERMINISTIC_FALLBACK_NOT_UCI
205.476,319.58,43.681,221.69,0.0,981.883,714.333,56,28.89,DETERMINISTIC_FALLBACK_NOT_UCI
109.383,0.0,0.0,202.338,5.053,997.306,729.466,90,2.3,DETERMINISTIC_FALLBACK_NOT_UCI
368.978,0.0,153.886,130.525,27.32,849.678,705.146,28,45.272,DETERMINISTIC_FALLBACK_NOT_UCI
504.486,208.694,0.0,172.208,0.0,870.309,678.105,1,34.6,DETERMINISTIC_FALLBACK_NOT_UCI
478.645,173.303,71.883,155.461,0.0,1141.374,938.262,7,38.946,DETERMINISTIC_FALLBACK_NOT_UCI
449.041,17.853,0.0,203.873,0.0,899.099,795.088,28,39.223,DETERMINISTIC_FALLBACK_NOT_UCI
471.65,0.0,0.0,159.216,0.0,1018.937,852.063,7,36.405,DETERMINISTIC_FALLBACK_NOT_UCI
243.832,208.029,115.638,239.559,0.0,1069.007,908.2,56,25.935,DETERMINISTIC_FALLBACK_NOT_UCI
432.849,0.0,143.415,151.163,28.299,1106.052,608.875,3,37.089,DETERMINISTIC_FALLBACK_NOT_UCI
324.733,129.563,0.0,206.837,0.0,1046.891,914.701,28,27.702,DETERMINISTIC_FALLBACK_NOT_UCI
419.685,20.394,99.052,166.285,0.0,870.501,748.359,28,42.85,DETERMINISTIC_FALLBACK_NOT_UCI
496.597,260.121,0.0,208.494,0.0,823.713,659.422,56,51.581,DETERMINISTIC_FALLBACK_NOT_UCI
216.07,311.903,69.192,172.191,26.595,975.542,616.306,90,41.433,DETERMINISTIC_FALLBACK_NOT_UCI
200.256,315.678,41.011,205.475,0.0,838.596,696.791,14,10.538,DETERMINISTIC_FALLBACK_NOT_UCI
530.723,127.44,199.134,158.569,0.0,1050.118,830.557,28,56.402,DETERMINISTIC_FALLBACK_NOT_UCI
521.745,0.0,159.759,128.804,8.052,1010.393,614.055,28,53.887,DETERMINISTIC_FALLBACK_NOT_UCI
388.929,0.0,145.434,215.699,0.0,1090.542,700.725,56,39.419,DETERMINISTIC_FALLBACK_NOT_UCI
155.413,0.0,0.0,177.819,10.254,980.849,888.155,28,2.3,DETERMINISTIC_FALLBACK_NOT_UCI
248.836,144.206,0.0,141.345,0.0,991.949,897.171,7,9.64,DETERMINISTIC_FALLBACK_NOT_UCI
175.997,298.984,0.0,151.33,0.0,947.061,680.348,7,19.232,DETERMINISTIC_FALLBACK_NOT_UCI
142.69,141.883,0.0,230.087,10.388,1106.559,658.809,3,2.3,DETERMINISTIC_FALLBACK_NOT_UCI
430.894,249.611,111.853,198.08,13.334,805.898,610.16,7,44.577,DETERMINISTIC_FALLBACK_NOT_UCI
392.062,253.607,195.281,229.004,9.463,1047.445,616.731,90,47.418,DETERMINISTIC_FALLBACK_NOT_UCI
382.348,0.0,66.979,246.572,24.945,977.887,779.867,28,31.267,DETERMINISTIC_FALLBACK_NOT_UCI
512.594,136.308,0.0,132.155,27.97,1029.339,989.638,365,72.91,DETERMINISTIC_FALLBACK_NOT_UCI
302.672,53.012,132.778,146.975,0.0,851.767,877.124,28,28.927,DETERMINISTIC_FALLBACK_NOT_UCI
362.827,0.0,83.111,231.404,23.452,889.573,831.348,365,52.527,DETERMINISTIC_FALLBACK_NOT_UCI
145.464,201.328,132.791,156.781,10.685,990.583,916.906,3,2.546,DETERMINISTIC_FALLBACK_NOT_UCI
517.832,71.318,0.0,203.091,16.347,984.574,826.416,1,32.933,DETERMINISTIC_FALLBACK_NOT_UCI
158.527,0.0,123.597,210.265,21.362,1029.085,935.048,14,2.3,DETERMINISTIC_FALLBACK_NOT_UCI
392.831,0.0,0.0,192.002,0.0,938.191,909.839,7,28.083,DETERMINISTIC_FALLBACK_NOT_UCI
348.168,0.0,0.0,179.278,0.0,855.55,919.661,365,33.478,DETERMINISTIC_FALLBACK_NOT_UCI
514.948,170.588,95.12,178.186,23.238,1010.173,883.442,28,58.284,DETERMINISTIC_FALLBACK_NOT_UCI
187.177,70.056,0.0,159.83,1.84,1001.348,939.186,100,17.603,DETERMINISTIC_FALLBACK_NOT_UCI
452.023,213.668,107.404,230.821,21.533,1053.368,848.919,28,54.621,DETERMINISTIC_FALLBACK_NOT_UCI
418.124,0.0,0.0,123.81,0.0,1115.661,648.649,90,41.318,DETERMINISTIC_FALLBACK_NOT_UCI
509.961,131.831,0.0,156.07,0.0,1070.318,657.709,365,65.677,DETERMINISTIC_FALLBACK_NOT_UCI
337.603,81.67,54.979,170.172,13.887,1127.565,959.195,180,48.254,DETERMINISTIC_FALLBACK_NOT_UCI
413.648,334.388,49.966,150.808,29.373,1044.364,918.1,7,40.942,DETERMINISTIC_FALLBACK_NOT_UCI
399.498,348.412,0.0,191.49,13.201,999.887,821.758,14,43.924,DETERMINISTIC_FALLBACK_NOT_UCI
190.883,0.0,0.0,237.264,8.907,1114.039,806.811,1,2.3,DETERMINISTIC_FALLBACK_NOT_UCI
441.25,0.0,0.0,138.968,20.872,830.314,826.867,28,47.915,DETERMINISTIC_FALLBACK_NOT_UCI
533.845,0.0,0.0,178.018,2.954,1082.936,901.913,28,56.768,DETERMINISTIC_FALLBACK_NOT_UCI
162.236,144.255,140.267,233.521,29.009,1101.453,634.677,14,16.098,DETERMINISTIC_FALLBACK_NOT_UCI
227.859,0.0,0.0,139.551,31.957,1132.372,874.492,28,23.826,DETERMINISTIC_FALLBACK_NOT_UCI
407.231,85.95,157.697,160.754,0.0,952.573,845.517,14,40.667,DETERMINISTIC_FALLBACK_NOT_UCI
460.76,344.701,0.0,170.751,0.0,930.691,680.299,28,46.601,DETERMINISTIC_FALLBACK_NOT_UCI
431.453,19.018,0.0,220.778,0.0,960.418,647.854,28,37.64,DETERMINISTIC_FALLBACK_NOT_UCI
203.382,289.283,0.0,224.431,29.296,1138.51,752.599,3,4.7,DETERMINISTIC_FALLBACK_NOT_UCI
375.109,0.0,196.25,197.546,8.503,951.342,607.139,1,19.65,DETERMINISTIC_FALLBACK_NOT_UCI
184.777,0.0,0.0,136.841,27.356,1079.928,708.501,28,10.576,DETERMINISTIC_FALLBACK_NOT_UCI
196.504,162.646,170.445,160.235,0.0,1119.541,900.955,7,20.541,DETERMINISTIC_FALLBACK_NOT_UCI
131.72,0.0,64.468,197.572,28.974,1070.151,661.876,28,2.3,DETERMINISTIC_FALLBACK_NOT_UCI
303.014,104.561,48.36,181.376,6.643,845.076,868.442,56,35.236,DETERMINISTIC_FALLBACK_NOT_UCI
312.224,186.238,55.495,205.477,15.493,984.115,935.935,28,28.667,DETERMINISTIC_FALLBACK_NOT_UCI
419.264,44.165,83.792,240.174,0.0,978.945,875.148,56,40.912,DETERMINISTIC_FALLBACK_NOT_UCI
147.843,0.0,0.0,229.845,17.102,883.769,910.711,365,2.3,DETERMINISTIC_FALLBACK_NOT_UCI
125.492,0.0,143.131,155.378,9.119,959.881,858.346,3,2.3,DETERMINISTIC_FALLBACK_NOT_UCI
260.648,66.829,0.0,163.314,23.649,1052.476,636.982,28,30.811,DETERMINISTIC_FALLBACK_NOT_UCI
468.544,19.211,0.0,207.902,0.0,853.482,838.056,365,45.339,DETERMINISTIC_FALLBACK_NOT_UCI
486.361,0.0,0.0,168.147,5.955,828.918,636.885,3,35.559,DETERMINISTIC_FALLBACK_NOT_UCI
120.922,0.0,91.123,170.253,29.571,811.358,957.7,7,2.3,DETERMINISTIC_FALLBACK_NOT_UCI
452.643,0.0,101.811,231.554,29.745,959.698,612.334,28,49.097,DETERMINISTIC_FALLBACK_NOT_UCI
340.468,318.468,144.69,224.35,3.112,852.24,955.329,7,22.842,DETERMINISTIC_FALLBACK_NOT_UCI
119.465,0.0,0.0,140.174,30.88,842.266,599.928,7,2.3,DETERMINISTIC_FALLBACK_NOT_UCI
245.574,137.386,113.178,168.734,17.627,1093.064,656.745,14,24.227,DETERMINISTIC_FALLBACK_NOT_UCI
158.637,0.0,94.366,157.791,2.4,846.993,958.866,3,2.3,DETERMINISTIC_FALLBACK_NOT_UCI
223.862,312.574,103.113,154.333,0.0,837.902,800.689,1,10.718,DETERMINISTIC_FALLBACK_NOT_UCI
277.426,166.375,55.198,182.095,7.407,1043.029,979.044,100,37.134,DETERMINISTIC_FALLBACK_NOT_UCI
146.303,292.494,197.478,145.088,4.639,804.929,710.533,28,16.718,DETERMINISTIC_FALLBACK_NOT_UCI
332.887,0.0,0.0,244.001,0.0,874.406,650.602,28,20.8,DETERMINISTIC_FALLBACK_NOT_UCI
284.378,277.459,0.0,201.471,0.0,1008.172,804.688,28,32.478,DETERMINISTIC_FALLBACK_NOT_UCI
447.33,0.0,71.19,227.095,22.863,1061.218,822.134,14,42.428,DETERMINISTIC_FALLBACK_NOT_UCI
124.734,0.0,0.0,124.059,0.0,968.56,958.334,28,2.3,DETERMINISTIC_FALLBACK_NOT_UCI
496.709,138.633,78.826,193.952,0.0,908.346,868.302,365,68.631,DETERMINISTIC_FALLBACK_NOT_UCI
348.683,345.615,0.0,179.935,23.396,1115.846,861.213,28,45.563,DETERMINISTIC_FALLBACK_NOT_UCI
171.959,0.0,75.407,175.197,22.727,1003.762,986.991,56,13.093,DETERMINISTIC_FALLBACK_NOT_UCI
403.327,89.688,0.0,242.647,0.0,983.193,724.401,28,34.354,DETERMINISTIC_FALLBACK_NOT_UCI
147.092,128.908,0.0,169.879,13.632,862.534,827.598,56,10.785,DETERMINISTIC_FALLBACK_NOT_UCI
301.783,0.0,0.0,140.122,5.567,965.88,930.066,90,40.577,DETERMINISTIC_FALLBACK_NOT_UCI
128.116,291.57,49.501,236.503,0.0,1090.239,695.792,90,19.644,DETERMINISTIC_FALLBACK_NOT_UCI
413.328,287.208,0.0,138.449,28.102,1128.555,891.061,7,50.147,DETERMINISTIC_FALLBACK_NOT_UCI
290.815,0.0,52.149,124.282,0.0,803.463,658.482,28,29.961,DETERMINISTIC_FALLBACK_NOT_UCI
377.626,108.772,0.0,159.162,11.35,1095.662,869.2,28,40.82,DETERMINISTIC_FALLBACK_NOT_UCI
325.989,310.308,178.935,233.282,27.518,1121.224,612.318,28,36.129,DETERMINISTIC_FALLBACK_NOT_UCI
417.505,0.0,0.0,205.771,22.038,1140.407,645.54,56,40.485,DETERMINISTIC_FALLBACK_NOT_UCI
318.526,188.104,0.0,213.497,1.745,958.857,619.609,7,15.676,DETERMINISTIC_FALLBACK_NOT_UCI
522.539,148.998,67.217,126.597,17.804,1034.717,978.95,3,49.066,DETERMINISTIC_FALLBACK_NOT_UCI
166.136,283.787,87.098,136.269,23.043,831.103,744.699,90,39.912,DETERMINISTIC_FALLBACK_NOT_UCI
365.478,21.078,121.111,230.968,26.409,998.359,869.457,7,33.95,DETERMINISTIC_FALLBACK_NOT_UCI
219.768,0.0,0.0,144.017,0.0,1091.159,949.717,28,4.644,DETERMINISTIC_FALLBACK_NOT_UCI
287.978,0.0,0.0,142.271,1.58,927.311,657.495,365,33.508,DETERMINISTIC_FALLBACK_NOT_UCI
338.763,0.0,0.0,157.523,0.0,912.295,687.321,28,20.928,DETERMINISTIC_FALLBACK_NOT_UCI
303.237,89.219,175.765,229.549,0.0,1056.003,971.125,28,24.778,DETERMINISTIC_FALLBACK_NOT_UCI
316.438,0.0,145.638,222.184,21.261,804.639,713.321,14,24.102,DETERMINISTIC_FALLBACK_NOT_UCI
537.611,0.0,0.0,164.231,22.994,857.239,785.765,7,52.809,DETERMINISTIC_FALLBACK_NOT_UCI
185.034,0.0,187.153,243.196,0.0,879.638,886.502,28,2.3,DETERMINISTIC_FALLBACK_NOT_UCI
236.87,0.0,0.0,230.61,5.386,945.354,920.184,28,3.999,DETERMINISTIC_FALLBACK_NOT_UCI
412.574,326.424,0.0,129.351,0.0,998.83,797.748,28,51.678,DETERMINISTIC_FALLBACK_NOT_UCI
530.713,0.0,0.0,212.346,12.952,893.925,599.266,28,52.127,DETERMINISTIC_FALLBACK_NOT_UCI
345.759,246.931,0.0,214.064,26.517,953.21,909.264,28,39.253,DETERMINISTIC_FALLBACK_NOT_UCI
428.357,0.0,0.0,141.996,0.0,843.662,628.453,56,41.163,DETERMINISTIC_FALLBACK_NOT_UCI
454.411,0.0,0.0,221.893,15.008,922.136,891.144,28,38.799,DETERMINISTIC_FALLBACK_NOT_UCI
158.765,175.888,115.099,237.02,0.0,941.742,832.41,180,22.166,DETERMINISTIC_FALLBACK_NOT_UCI
234.138,171.869,132.374,183.596,17.43,839.171,849.468,28,27.475,DETERMINISTIC_FALLBACK_NOT_UCI
220.834,0.0,177.252,209.123,19.395,836.55,826.208,90,23.329,DETERMINISTIC_FALLBACK_NOT_UCI
308.219,0.0,170.435,224.278,18.588,1114.295,825.348,7,16.303,DETERMINISTIC_FALLBACK_NOT_UCI
457.05,346.41,0.0,142.407,0.0,815.89,753.413,56,51.51,DETERMINISTIC_FALLBACK_NOT_UCI
427.557,0.0,37.053,220.987,0.0,1096.467,599.6,7,21.147,DETERMINISTIC_FALLBACK_NOT_UCI
161.706,0.0,95.319,196.805,0.0,1028.387,686.741,180,2.3,DETERMINISTIC_FALLBACK_NOT_UCI
125.41,100.433,53.335,129.88,24.792,819.898,631.738,56,20.237,DETERMINISTIC_FALLBACK_NOT_UCI
220.485,282.638,134.026,144.209,21.44,1069.527,905.834,28,37.528,DETERMINISTIC_FALLBACK_NOT_UCI
195.015,270.166,0.0,161.899,14.472,829.279,961.189,28,25.755,DETERMINISTIC_FALLBACK_NOT_UCI
114.202,223.42,0.0,199.557,0.0,1039.484,942.661,28,9.664,DETERMINISTIC_FALLBACK_NOT_UCI
239.951,0.0,0.0,123.759,19.411,839.412,894.417,28,24.273,DETERMINISTIC_FALLBACK_NOT_UCI
523.172,284.693,0.0,123.975,0.0,1052.721,873.033,56,54.005,DETERMINISTIC_FALLBACK_NOT_UCI
477.784,138.787,49.927,244.088,0.0,980.607,956.875,28,44.606,DETERMINISTIC_FALLBACK_NOT_UCI
366.541,0.0,0.0,195.568,31.407,1023.104,849.765,14,24.97,DETERMINISTIC_FALLBACK_NOT_UCI
235.051,0.0,141.633,157.485,0.0,946.961,732.658,90,28.991,DETERMINISTIC_FALLBACK_NOT_UCI
479.371,0.0,0.0,169.147,14.322,824.536,975.65,14,45.403,DETERMINISTIC_FALLBACK_NOT_UCI
121.403,0.0,78.241,246.871,14.265,930.409,751.623,3,2.3,DETERMINISTIC_FALLBACK_NOT_UCI
145.083,141.248,0.0,201.76,2.218,1041.633,945.411,28,2.768,DETERMINISTIC_FALLBACK_NOT_UCI
460.917,0.0,0.0,205.762,31.264,951.137,860.278,28,43.823,DETERMINISTIC_FALLBACK_NOT_UCI
125.579,0.0,0.0,186.776,0.0,1036.894,934.731,180,2.3,DETERMINISTIC_FALLBACK_NOT_UCI
352.273,0.0,0.0,222.192,31.84,1093.049,840.833,28,29.874,DETERMINISTIC_FALLBACK_NOT_UCI
263.191,0.0,0.0,212.623,28.862,849.787,676.515,28,11.227,DETERMINISTIC_FALLBACK_NOT_UCI
489.774,251.2,0.0,173.788,0.0,1053.655,855.129,28,55.697,DETERMINISTIC_FALLBACK_NOT_UCI
119.386,224.669,0.0,198.027,17.501,975.556,885.66,56,10.657,DETERMINISTIC_FALLBACK_NOT_UCI
339.458,0.0,0.0,123.532,0.0,1127.679,785.829,28,31.432,DETERMINISTIC_FALLBACK_NOT_UCI
434.402,0.0,51.732,156.24,0.0,1132.745,701.825,180,46.243,DETERMINISTIC_FALLBACK_NOT_UCI
154.682,220.79,24.377,155.926,28.159,1085.091,889.964,28,20.559,DETERMINISTIC_FALLBACK_NOT_UCI
466.794,182.611,110.282,243.224,0.0,1065.254,753.755,7,36.12,DETERMINISTIC_FALLBACK_NOT_UCI
195.569,0.0,0.0,229.237,11.269,844.976,675.938,28,2.3,DETERMINISTIC_FALLBACK_NOT_UCI
482.792,0.0,0.0,216.376,29.154,832.789,955.957,100,58.618,DETERMINISTIC_FALLBACK_NOT_UCI
157.67,0.0,0.0,194.849,11.716,1133.298,636.989,14,2.3,DETERMINISTIC_FALLBACK_NOT_UCI
403.372,234.51,0.0,189.39,0.0,1079.499,885.984,28,34.848,DETERMINISTIC_FALLBACK_NOT_UCI
388.754,302.761,128.631,205.267,29.287,834.072,944.287,90,57.828,DETERMINISTIC_FALLBACK_NOT_UCI
245.033,0.0,0.0,231.283,7.608,1139.507,649.691,14,2.3,DETERMINISTIC_FALLBACK_NOT_UCI
522.38,0.0,51.28,169.924,0.0,801.527,805.028,90,45.301,DETERMINISTIC_FALLBACK_NOT_UCI
254.089,0.0,0.0,238.59,0.0,846.505,741.055,28,8.874,DETERMINISTIC_FALLBACK_NOT_UCI
193.113,0.0,181.467,176.465,19.31,838.136,744.218,28,18.81,DETERMINISTIC_FALLBACK_NOT_UCI
163.47,0.0,29.319,166.607,17.644,1099.327,863.564,28,2.3,DETERMINISTIC_FALLBACK_NOT_UCI
225.725,0.0,181.759,222.865,31.502,949.977,776.229,14,12.258,DETERMINISTIC_FALLBACK_NOT_UCI
319.213,0.0,28.586,214.048,9.595,1075.277,904.485,90,24.649,DETERMINISTIC_FALLBACK_NOT_UCI
266.016,0.0,0.0,174.983,4.89,1092.959,760.798,14,9.726,DETERMINISTIC_FALLBACK_NOT_UCI
204.589,0.0,55.901,169.721,5.513,1014.969,663.002,56,9.22,DETERMINISTIC_FALLBACK_NOT_UCI
396.316,270.448,151.146,155.883,0.0,911.188,617.444,100,58.234,DETERMINISTIC_FALLBACK_NOT_UCI
104.485,283.4,40.436,189.503,0.0,1033.195,630.206,7,2.3,DETERMINISTIC_FALLBACK_NOT_UCI
461.747,0.0,0.0,246.82,0.0,966.265,980.153,3,23.142,DETERMINISTIC_FALLBACK_NOT_UCI
454.55,0.0,0.0,190.996,9.332,983.125,892.848,56,45.0,DETERMINISTIC_FALLBACK_NOT_UCI
187.004,0.0,0.0,214.102,24.746,819.823,905.123,100,2.3,DETERMINISTIC_FALLBACK_NOT_UCI
490.656,259.009,0.0,166.573,12.475,838.182,828.557,180,57.721,DETERMINISTIC_FALLBACK_NOT_UCI
426.083,178.272,0.0,152.592,11.851,948.466,704.646,56,54.675,DETERMINISTIC_FALLBACK_NOT_UCI
498.348,0.0,0.0,225.738,9.716,1055.746,975.39,90,44.248,DETERMINISTIC_FALLBACK_NOT_UCI
209.091,0.0,160.36,175.31,0.0,1080.726,772.39,365,26.902,DETERMINISTIC_FALLBACK_NOT_UCI
295.279,0.0,0.0,170.8,0.0,896.325,659.435,14,16.574,DETERMINISTIC_FALLBACK_NOT_UCI
358.298,0.0,134.886,153.891,31.653,957.223,870.725,28,46.434,DETERMINISTIC_FALLBACK_NOT_UCI
211.316,0.0,0.0,130.555,23.407,904.563,774.061,28,8.538,DETERMINISTIC_FALLBACK_NOT_UCI
212.004,314.868,0.0,156.827,0.0,1144.386,829.699,100,30.262,DETERMINISTIC_FALLBACK_NOT_UCI
231.138,196.286,0.0,180.855,0.0,1126.472,655.462,90,25.702,DETERMINISTIC_FALLBACK_NOT_UCI
368.568,303.114,0.0,198.555,22.496,811.222,736.578,7,34.87,DETERMINISTIC_FALLBACK_NOT_UCI
303.315,0.0,70.689,173.192,20.811,1076.572,869.286,28,31.209,DETERMINISTIC_FALLBACK_NOT_UCI
265.647,0.0,131.691,168.481,18.213,839.349,968.494,56,24.602,DETERMINISTIC_FALLBACK_NOT_UCI
271.734,0.0,0.0,168.703,20.8,922.97,781.62,3,4.892,DETERMINISTIC_FALLBACK_NOT_UCI
312.479,353.09,190.718,183.89,11.234,942.691,681.73,28,33.647,DETERMINISTIC_FALLBACK_NOT_UCI
171.601,277.813,57.024,158.819,7.166,916.701,880.036,90,34.695,DETERMINISTIC_FALLBACK_NOT_UCI
243.799,340.316,0.0,206.222,28.168,886.99,904.166,28,27.0,DETERMINISTIC_FALLBACK_NOT_UCI
495.195,0.0,174.378,242.105,26.088,876.194,859.572,28,50.984,DETERMINISTIC_FALLBACK_NOT_UCI
477.391,0.0,149.379,197.352,15.522,949.214,625.304,14,44.842,DETERMINISTIC_FALLBACK_NOT_UCI
538.61,309.117,0.0,180.745,2.683,1122.935,878.636,56,62.588,DETERMINISTIC_FALLBACK_NOT_UCI
150.551,291.637,92.791,222.662,27.641,966.199,800.229,28,17.548,DETERMINISTIC_FALLBACK_NOT_UCI
278.895,193.701,48.747,229.794,0.0,974.203,734.063,28,27.592,DETERMINISTIC_FALLBACK_NOT_UCI
441.046,274.521,0.0,237.166,8.609,1005.018,876.065,3,36.961,DETERMINISTIC_FALLBACK_NOT_UCI
393.58,111.573,0.0,123.837,16.485,1093.807,701.25,7,33.478,DETERMINISTIC_FALLBACK_NOT_UCI
353.372,182.22,146.625,219.656,0.0,919.863,726.026,28,36.357,DETERMINISTIC_FALLBACK_NOT_UCI
276.285,0.0,31.07,238.792,1.787,995.976,638.751,28,11.439,DETERMINISTIC_FALLBACK_NOT_UCI
368.761,0.0,143.638,128.482,0.0,1094.034,786.088,56,48.36,DETERMINISTIC_FALLBACK_NOT_UCI
171.994,248.393,0.0,190.624,2.172,1098.687,886.067,1,7.701,DETERMINISTIC_FALLBACK_NOT_UCI
273.671,0.0,113.699,146.885,0.0,1105.392,889.186,56,28.413,DETERMINISTIC_FALLBACK_NOT_UCI
402.991,41.052,0.0,219.651,2.037,1046.429,756.106,3,14.57,DETERMINISTIC_FALLBACK_NOT_UCI
528.146,79.374,65.783,220.338,16.496,958.17,662.766,28,61.758,DETERMINISTIC_FALLBACK_NOT_UCI
384.349,347.719,142.274,143.175,26.504,1018.41,805.78,28,55.014,DETERMINISTIC_FALLBACK_NOT_UCI
493.03,117.791,0.0,166.212,0.0,880.044,714.361,7,40.047,DETERMINISTIC_FALLBACK_NOT_UCI
207.221,104.669,52.515,127.716,4.547,940.82,931.053,28,28.182,DETERMINISTIC_FALLBACK_NOT_UCI
421.922,129.85,0.0,168.017,27.557,993.535,680.476,14,45.274,DETERMINISTIC_FALLBACK_NOT_UCI
131.878,0.0,0.0,143.752,20.726,955.448,867.229,28,2.3,DETERMINISTIC_FALLBACK_NOT_UCI
524.116,0.0,147.674,213.308,0.0,1080.882,830.749,3,37.62,DETERMINISTIC_FALLBACK_NOT_UCI
492.855,0.0,0.0,152.445,0.0,898.067,674.142,7,44.583,DETERMINISTIC_FALLBACK_NOT_UCI
240.329,67.806,182.497,235.515,13.009,939.186,739.477,28,20.744,DETERMINISTIC_FALLBACK_NOT_UCI
305.986,0.0,162.244,130.139,12.256,881.712,784.159,28,31.527,DETERMINISTIC_FALLBACK_NOT_UCI
123.142,0.0,45.741,182.611,15.642,1135.334,693.063,14,2.3,DETERMINISTIC_FALLBACK_NOT_UCI
163.834,322.512,0.0,208.935,0.0,804.137,705.489,28,13.604,DETERMINISTIC_FALLBACK_NOT_UCI
457.114,0.0,0.0,155.552,0.0,1071.207,841.503,28,45.704,DETERMINISTIC_FALLBACK_NOT_UCI
439.638,0.0,0.0,193.757,0.0,843.339,808.818,90,42.555,DETERMINISTIC_FALLBACK_NOT_UCI
436.661,174.407,0.0,208.369,18.251,912.124,895.894,56,47.203,DETERMINISTIC_FALLBACK_NOT_UCI
219.524,243.982,158.267,187.816,22.354,855.862,595.872,90,34.518,DETERMINISTIC_FALLBACK_NOT_UCI
242.664,233.519,0.0,230.187,0.0,936.466,985.208,28,24.414,DETERMINISTIC_FALLBACK_NOT_UCI
258.304,0.0,0.0,219.74,23.993,929.971,963.669,14,13.35,DETERMINISTIC_FALLBACK_NOT_UCI
102.456,233.612,169.566,178.94,8.785,904.546,941.059,90,22.403,DETERMINISTIC_FALLBACK_NOT_UCI
235.396,0.0,76.824,199.812,0.0,997.498,949.396,28,7.786,DETERMINISTIC_FALLBACK_NOT_UCI
460.622,0.0,149.127,242.102,16.838,984.518,699.316,28,46.613,DETERMINISTIC_FALLBACK_NOT_UCI
331.12,0.0,0.0,198.067,22.358,1121.637,609.78,90,34.993,DETERMINISTIC_FALLBACK_NOT_UCI
337.632,0.0,0.0,222.144,0.0,960.606,862.391,1,2.3,DETERMINISTIC_FALLBACK_NOT_UCI
366.226,308.672,0.0,202.275,6.13,945.865,926.649,14,38.006,DETERMINISTIC_FALLBACK_NOT_UCI
296.419,0.0,192.003,140.315,23.388,924.211,708.474,28,40.034,DETERMINISTIC_FALLBACK_NOT_UCI
311.835,220.549,149.289,227.339,5.675,1046.483,708.317,3,15.698,DETERMINISTIC_FALLBACK_NOT_UCI
336.809,179.535,0.0,199.47,27.801,1033.439,831.074,3,28.202,DETERMINISTIC_FALLBACK_NOT_UCI
282.149,315.207,0.0,205.363,19.784,924.865,859.575,90,42.038,DETERMINISTIC_FALLBACK_NOT_UCI
406.165,0.0,0.0,128.91,6.764,1087.498,626.69,28,44.802,DETERMINISTIC_FALLBACK_NOT_UCI
141.718,133.877,0.0,173.395,10.506,991.228,771.571,1,2.3,DETERMINISTIC_FALLBACK_NOT_UCI
405.437,0.0,167.706,140.459,0.0,880.928,667.203,28,51.187,DETERMINISTIC_FALLBACK_NOT_UCI
355.384,101.771,0.0,138.233,14.189,825.357,717.857,90,43.913,DETERMINISTIC_FALLBACK_NOT_UCI
163.51,0.0,0.0,132.064,0.0,992.276,948.016,90,13.599,DETERMINISTIC_FALLBACK_NOT_UCI
433.498,192.689,0.0,198.615,26.319,901.162,680.688,28,53.493,DETERMINISTIC_FALLBACK_NOT_UCI
284.263,0.0,72.66,156.937,14.522,933.382,886.591,14,20.003,DETERMINISTIC_FALLBACK_NOT_UCI
232.532,0.0,39.508,186.348,24.941,1053.855,777.021,56,24.83,DETERMINISTIC_FALLBACK_NOT_UCI
477.054,196.556,80.362,141.54,22.077,879.549,601.179,56,61.105,DETERMINISTIC_FALLBACK_NOT_UCI
486.665,0.0,0.0,180.617,0.0,810.689,799.888,28,48.61,DETERMINISTIC_FALLBACK_NOT_UCI
436.492,0.0,199.408,227.657,0.0,1117.278,830.615,365,44.483,DETERMINISTIC_FALLBACK_NOT_UCI
355.486,0.0,0.0,241.14,19.62,1060.134,751.407,90,42.562,DETERMINISTIC_FALLBACK_NOT_UCI
470.007,239.947,164.574,135.791,0.0,1087.416,789.701,28,54.412,DETERMINISTIC_FALLBACK_NOT_UCI
529.06,78.709,0.0,229.167,0.0,969.136,763.161,7,34.399,DETERMINISTIC_FALLBACK_NOT_UCI
362.761,250.27,0.0,179.835,12.102,981.856,972.236,90,41.045,DETERMINISTIC_FALLBACK_NOT_UCI
358.48,222.107,0.0,189.8,5.396,976.065,644.482,28,37.319,DETERMINISTIC_FALLBACK_NOT_UCI
181.983,116.608,158.031,222.34,15.863,975.705,767.364,28,11.378,DETERMINISTIC_FALLBACK_NOT_UCI
113.268,105.222,89.504,159.226,26.303,876.406,952.297,56,20.925,DETERMINISTIC_FALLBACK_NOT_UCI
252.052,198.928,0.0,207.484,21.725,905.536,988.814,28,30.064,DETERMINISTIC_FALLBACK_NOT_UCI
138.314,218.723,93.367,225.638,22.513,1108.132,595.3,3,5.212,DETERMINISTIC_FALLBACK_NOT_UCI
220.061,0.0,0.0,233.794,21.316,852.908,662.89,28,2.3,DETERMINISTIC_FALLBACK_NOT_UCI
514.987,161.044,103.703,173.359,29.348,1096.807,716.315,28,59.937,DETERMINISTIC_FALLBACK_NOT_UCI
115.519,159.83,163.483,199.123,5.041,1076.714,711.521,90,9.111,DETERMINISTIC_FALLBACK_NOT_UCI
190.949,0.0,0.0,157.548,0.0,977.467,616.861,365,14.563,DETERMINISTIC_FALLBACK_NOT_UCI
401.315,204.052,0.0,161.825,15.794,954.132,898.648,1,36.797,DETERMINISTIC_FALLBACK_NOT_UCI
202.084,325.841,142.58,208.648,0.0,1103.459,779.42,56,29.07,DETERMINISTIC_FALLBACK_NOT_UCI
321.62,0.0,0.0,146.25,17.178,912.826,946.409,28,31.51,DETERMINISTIC_FALLBACK_NOT_UCI
539.194,177.943,63.204,183.098,0.0,1111.35,615.903,3,49.311,DETERMINISTIC_FALLBACK_NOT_UCI
124.7,42.854,0.0,199.446,31.171,1017.642,734.944,180,2.3,DETERMINISTIC_FALLBACK_NOT_UCI
237.986,0.0,0.0,221.376,0.0,1098.167,897.588,28,7.36,DETERMINISTIC_FALLBACK_NOT_UCI
252.514,227.969,0.0,165.151,19.102,820.208,703.888,28,24.589,DETERMINISTIC_FALLBACK_NOT_UCI
216.497,0.0,0.0,122.465,0.0,850.486,721.49,7,3.788,DETERMINISTIC_FALLBACK_NOT_UCI
131.94,0.0,0.0,222.239,27.597,1135.804,835.495,28,2.3,DETERMINISTIC_FALLBACK_NOT_UCI
515.613,268.541,103.347,178.708,23.682,874.42,940.234,56,63.695,DETERMINISTIC_FALLBACK_NOT_UCI
266.998,73.097,157.106,156.799,23.326,1047.184,654.344,3,19.059,DETERMINISTIC_FALLBACK_NOT_UCI
512.636,220.226,0.0,239.842,0.0,1069.223,866.733,28,53.945,DETERMINISTIC_FALLBACK_NOT_UCI
291.4,0.0,29.095,216.092,0.0,1016.371,775.168,7,12.138,DETERMINISTIC_FALLBACK_NOT_UCI
237.142,0.0,0.0,184.447,10.056,861.898,740.166,28,7.558,DETERMINISTIC_FALLBACK_NOT_UCI
258.509,108.08,0.0,170.408,0.0,1041.153,956.573,90,26.407,DETERMINISTIC_FALLBACK_NOT_UCI
489.511,66.64,0.0,133.293,17.574,986.542,807.253,28,52.787,DETERMINISTIC_FALLBACK_NOT_UCI
416.422,233.389,198.436,226.655,19.467,964.169,788.614,56,45.132,DETERMINISTIC_FALLBACK_NOT_UCI
526.469,333.196,125.606,172.257,23.729,889.614,707.403,28,67.096,DETERMINISTIC_FALLBACK_NOT_UCI
120.294,0.0,0.0,244.583,18.472,927.815,965.493,3,2.3,DETERMINISTIC_FALLBACK_NOT_UCI
171.683,0.0,0.0,195.103,10.306,1110.427,762.348,14,2.3,DETERMINISTIC_FALLBACK_NOT_UCI
524.437,0.0,0.0,244.77,11.04,1092.061,904.65,100,59.795,DETERMINISTIC_FALLBACK_NOT_UCI
359.249,273.471,176.782,238.236,26.263,1075.574,787.116,28,43.928,DETERMINISTIC_FALLBACK_NOT_UCI
233.442,356.5,0.0,157.078,23.745,978.819,864.71,1,33.222,DETERMINISTIC_FALLBACK_NOT_UCI
117.087,75.456,0.0,162.685,3.903,853.585,920.746,28,2.3,DETERMINISTIC_FALLBACK_NOT_UCI
148.418,318.826,48.158,180.862,0.0,893.282,629.132,56,27.164,DETERMINISTIC_FALLBACK_NOT_UCI
142.662,174.003,0.0,158.327,29.999,1044.789,927.241,14,8.681,DETERMINISTIC_FALLBACK_NOT_UCI
112.044,281.998,186.94,200.546,8.663,1088.166,886.279,28,13.208,DETERMINISTIC_FALLBACK_NOT_UCI
303.865,227.755,77.762,127.959,0.0,991.371,699.503,56,39.38,DETERMINISTIC_FALLBACK_NOT_UCI
166.357,94.942,55.798,123.005,26.879,1082.483,701.878,100,28.903,DETERMINISTIC_FALLBACK_NOT_UCI
305.264,108.619,31.558,217.149,10.111,897.994,927.922,100,31.384,DETERMINISTIC_FALLBACK_NOT_UCI
234.707,0.0,96.928,172.515,0.0,884.96,756.073,56,17.759,DETERMINISTIC_FALLBACK_NOT_UCI
430.233,134.447,0.0,245.521,29.095,1072.429,654.621,14,45.962,DETERMINISTIC_FALLBACK_NOT_UCI
106.881,356.143,55.102,161.694,0.0,1021.945,977.083,28,11.18,DETERMINISTIC_FALLBACK_NOT_UCI
227.862,0.0,0.0,145.761,19.28,1119.344,842.915,56,27.319,DETERMINISTIC_FALLBACK_NOT_UCI
115.324,0.0,73.204,224.93,16.974,839.05,838.824,28,2.3,DETERMINISTIC_FALLBACK_NOT_UCI
373.831,0.0,0.0,126.272,5.285,820.15,622.997,28,39.296,DETERMINISTIC_FALLBACK_NOT_UCI
538.684,358.262,0.0,170.233,18.464,985.812,845.133,180,69.099,DETERMINISTIC_FALLBACK_NOT_UCI
324.865,274.825,0.0,220.792,0.0,1068.347,595.075,100,35.499,DETERMINISTIC_FALLBACK_NOT_UCI
102.71,0.0,0.0,230.645,18.632,958.853,955.035,3,2.3,DETERMINISTIC_FALLBACK_NOT_UCI
347.261,0.0,0.0,227.394,29.474,974.799,639.574,365,45.466,DETERMINISTIC_FALLBACK_NOT_UCI
501.448,0.0,0.0,245.28,13.201,821.779,992.308,14,43.647,DETERMINISTIC_FALLBACK_NOT_UCI
238.451,0.0,0.0,191.138,0.0,1086.452,932.23,56,13.835,DETERMINISTIC_FALLBACK_NOT_UCI
392.894,0.0,0.0,147.552,10.086,1121.112,971.326,28,38.795,DETERMINISTIC_FALLBACK_NOT_UCI
147.569,272.84,69.378,124.054,7.042,991.078,630.029,90,34.087,DETERMINISTIC_FALLBACK_NOT_UCI
384.117,213.201,0.0,127.401,10.087,1013.09,693.032,28,44.972,DETERMINISTIC_FALLBACK_NOT_UCI
477.764,43.061,0.0,166.232,22.223,856.842,621.884,14,43.393,DETERMINISTIC_FALLBACK_NOT_UCI
167.788,0.0,0.0,225.417,0.0,916.035,659.543,365,2.3,DETERMINISTIC_FALLBACK_NOT_UCI
225.813,200.893,101.551,235.835,0.0,1047.152,980.766,28,15.921,DETERMINISTIC_FALLBACK_NOT_UCI
533.037,352.1,138.325,241.496,18.131,1028.711,628.663,28,64.095,DETERMINISTIC_FALLBACK_NOT_UCI
503.909,0.0,0.0,170.6,0.0,829.198,806.373,3,25.497,DETERMINISTIC_FALLBACK_NOT_UCI
341.733,215.961,0.0,221.96,30.903,1059.389,667.578,3,16.647,DETERMINISTIC_FALLBACK_NOT_UCI
173.736,0.0,0.0,210.324,0.0,1075.177,658.873,56,2.3,DETERMINISTIC_FALLBACK_NOT_UCI
438.248,26.203,0.0,242.285,29.293,914.466,624.449,56,46.902,DETERMINISTIC_FALLBACK_NOT_UCI
311.98,0.0,191.008,218.951,0.0,1105.864,900.632,365,35.831,DETERMINISTIC_FALLBACK_NOT_UCI
280.131,0.0,0.0,136.465,3.567,1108.99,751.914,365,37.05,DETERMINISTIC_FALLBACK_NOT_UCI
308.888,292.326,0.0,133.631,0.0,1056.305,914.554,14,35.224,DETERMINISTIC_FALLBACK_NOT_UCI
392.304,0.0,0.0,234.578,0.0,805.321,787.573,28,23.35,DETERMINISTIC_FALLBACK_NOT_UCI
139.312,0.0,0.0,174.123,0.0,870.441,924.74,28,2.3,DETERMINISTIC_FALLBACK_NOT_UCI
114.173,0.0,194.376,212.717,2.716,806.375,661.417,56,2.3,DETERMINISTIC_FALLBACK_NOT_UCI
434.725,176.362,78.1,227.365,0.0,1113.199,632.091,3,17.65,DETERMINISTIC_FALLBACK_NOT_UCI
499.406,0.0,0.0,189.575,14.654,1000.576,696.685,28,48.167,DETERMINISTIC_FALLBACK_NOT_UCI
253.84,134.369,0.0,221.135,18.334,864.0,953.426,28,15.951,DETERMINISTIC_FALLBACK_NOT_UCI
385.942,0.0,0.0,176.161,22.626,1000.053,596.378,28,31.769,DETERMINISTIC_FALLBACK_NOT_UCI
440.807,0.0,0.0,215.619,12.478,948.702,915.853,3,18.878,DETERMINISTIC_FALLBACK_NOT_UCI
370.305,219.833,41.806,156.789,0.0,1078.657,653.047,100,55.027,DETERMINISTIC_FALLBACK_NOT_UCI
103.192,0.0,98.199,245.496,1.598,821.634,719.81,7,2.3,DETERMINISTIC_FALLBACK_NOT_UCI
512.698,0.0,0.0,203.412,15.844,1120.564,955.619,180,61.183,DETERMINISTIC_FALLBACK_NOT_UCI
254.444,0.0,0.0,210.614,0.0,1030.186,790.549,28,6.617,DETERMINISTIC_FALLBACK_NOT_UCI
256.231,200.707,0.0,241.536,30.669,966.669,614.858,3,14.923,DETERMINISTIC_FALLBACK_NOT_UCI
375.906,154.84,122.798,228.287,30.372,904.49,613.321,28,44.902,DETERMINISTIC_FALLBACK_NOT_UCI
266.332,0.0,0.0,245.796,0.0,813.468,987.054,28,9.959,DETERMINISTIC_FALLBACK_NOT_UCI
349.36,67.237,79.671,129.055,30.199,918.741,623.188,7,48.96,DETERMINISTIC_FALLBACK_NOT_UCI
426.824,300.271,82.369,223.957,0.0,1059.828,857.608,14,34.714,DETERMINISTIC_FALLBACK_NOT_UCI
464.84,20.337,84.979,184.915,3.159,853.55,600.411,14,43.99,DETERMINISTIC_FALLBACK_NOT_UCI
131.593,158.267,0.0,188.859,0.0,876.853,940.007,7,2.3,DETERMINISTIC_FALLBACK_NOT_UCI
253.296,189.577,118.234,236.649,14.992,846.357,654.862,14,16.855,DETERMINISTIC_FALLBACK_NOT_UCI
372.006,0.0,0.0,197.612,27.153,1085.947,954.375,365,50.156,DETERMINISTIC_FALLBACK_NOT_UCI
418.319,191.487,60.719,191.151,0.0,1088.499,752.237,56,46.664,DETERMINISTIC_FALLBACK_NOT_UCI
324.606,0.0,0.0,228.297,31.715,961.922,766.478,1,6.926,DETERMINISTIC_FALLBACK_NOT_UCI
214.235,92.524,184.366,217.12,0.0,982.003,829.734,28,21.803,DETERMINISTIC_FALLBACK_NOT_UCI
106.274,0.0,69.749,141.274,6.846,1057.384,626.699,7,2.3,DETERMINISTIC_FALLBACK_NOT_UCI
322.122,0.0,41.829,143.913,17.318,1017.316,694.534,28,36.667,DETERMINISTIC_FALLBACK_NOT_UCI
267.75,204.741,0.0,179.289,3.291,930.371,731.482,28,23.07,DETERMINISTIC_FALLBACK_NOT_UCI
230.903,0.0,0.0,209.488,9.421,1019.805,742.596,28,2.3,DETERMINISTIC_FALLBACK_NOT_UCI
420.865,0.0,60.375,151.444,14.028,877.221,622.483,28,47.957,DETERMINISTIC_FALLBACK_NOT_UCI
403.943,203.203,83.862,128.002,0.0,1094.436,824.656,7,45.976,DETERMINISTIC_FALLBACK_NOT_UCI
409.596,213.459,0.0,185.864,0.0,838.468,637.537,3,24.911,DETERMINISTIC_FALLBACK_NOT_UCI
246.65,0.0,0.0,149.102,7.746,816.212,653.619,28,14.401,DETERMINISTIC_FALLBACK_NOT_UCI
308.246,208.324,0.0,192.25,24.782,1094.641,867.068,56,37.184,DETERMINISTIC_FALLBACK_NOT_UCI
258.338,179.402,0.0,139.825,20.454,1047.711,979.442,14,26.358,DETERMINISTIC_FALLBACK_NOT_UCI
272.171,0.0,73.579,224.289,9.816,1007.31,928.634,28,15.337,DETERMINISTIC_FALLBACK_NOT_UCI
354.776,194.294,0.0,177.312,18.502,1125.945,792.28,90,48.64,DETERMINISTIC_FALLBACK_NOT_UCI
323.039,122.192,0.0,172.808,0.0,929.061,634.548,28,29.423,DETERMINISTIC_FALLBACK_NOT_UCI
187.274,0.0,74.018,242.086,0.0,1107.222,697.079,90,2.3,DETERMINISTIC_FALLBACK_NOT_UCI
445.547,0.0,113.526,154.145,0.0,851.103,906.196,28,50.744,DETERMINISTIC_FALLBACK_NOT_UCI
523.155,0.0,0.0,175.332,0.0,904.366,903.917,3,33.659,DETERMINISTIC_FALLBACK_NOT_UCI
458.062,90.342,100.408,187.317,25.272,846.865,700.529,3,48.076,DETERMINISTIC_FALLBACK_NOT_UCI
236.094,140.8,53.44,199.317,0.0,899.516,653.646,1,14.475,DETERMINISTIC_FALLBACK_NOT_UCI
385.205,182.342,0.0,235.274,25.659,902.799,649.655,3,25.337,DETERMINISTIC_FALLBACK_NOT_UCI
442.635,36.693,0.0,202.068,8.92,870.298,886.395,28,41.125,DETERMINISTIC_FALLBACK_NOT_UCI
524.474,268.578,0.0,130.268,19.782,884.082,763.269,56,63.099,DETERMINISTIC_FALLBACK_NOT_UCI
368.202,91.95,138.601,145.552,28.986,967.234,710.89,7,35.873,DETERMINISTIC_FALLBACK_NOT_UCI
431.742,218.164,0.0,174.446,0.0,831.292,614.764,90,60.194,DETERMINISTIC_FALLBACK_NOT_UCI
326.246,296.209,0.0,240.905,10.259,878.921,848.528,7,17.275,DETERMINISTIC_FALLBACK_NOT_UCI
294.676,0.0,107.448,193.146,10.297,958.832,616.716,365,34.647,DETERMINISTIC_FALLBACK_NOT_UCI
279.836,0.0,92.472,166.417,28.328,1023.695,992.9,180,36.178,DETERMINISTIC_FALLBACK_NOT_UCI
438.311,142.514,0.0,191.792,0.0,834.369,742.426,28,43.233,DETERMINISTIC_FALLBACK_NOT_UCI
420.526,93.814,0.0,131.254,0.0,951.624,804.769,28,44.307,DETERMINISTIC_FALLBACK_NOT_UCI
140.309,0.0,0.0,189.378,11.976,891.228,762.945,56,2.3,DETERMINISTIC_FALLBACK_NOT_UCI
261.146,0.0,97.492,169.732,0.0,975.634,877.588,14,17.262,DETERMINISTIC_FALLBACK_NOT_UCI
386.812,0.0,0.0,167.804,9.789,863.89,826.969,28,37.015,DETERMINISTIC_FALLBACK_NOT_UCI
217.606,88.251,0.0,181.6,0.0,831.079,759.803,90,16.714,DETERMINISTIC_FALLBACK_NOT_UCI
183.374,138.107,149.387,203.846,12.337,1024.865,658.887,7,11.011,DETERMINISTIC_FALLBACK_NOT_UCI
107.829,17.152,140.776,126.726,0.0,1056.367,622.437,56,13.62,DETERMINISTIC_FALLBACK_NOT_UCI
221.75,158.886,44.479,169.665,0.0,975.464,758.457,1,2.3,DETERMINISTIC_FALLBACK_NOT_UCI
270.506,60.112,0.0,156.634,29.222,1129.007,863.104,28,36.402,DETERMINISTIC_FALLBACK_NOT_UCI
365.985,284.194,95.218,223.592,28.094,1022.279,864.988,7,33.805,DETERMINISTIC_FALLBACK_NOT_UCI
498.073,0.0,87.724,164.258,3.988,869.578,594.532,14,42.817,DETERMINISTIC_FALLBACK_NOT_UCI
111.067,0.0,133.987,147.917,15.702,874.442,634.681,7,2.3,DETERMINISTIC_FALLBACK_NOT_UCI
458.532,356.077,106.468,197.096,0.0,903.574,988.588,180,64.614,DETERMINISTIC_FALLBACK_NOT_UCI
486.55,0.0,0.0,134.13,0.0,1026.023,625.749,14,42.118,DETERMINISTIC_FALLBACK_NOT_UCI
412.147,0.0,0.0,187.248,22.96,1141.37,749.19,14,40.351,DETERMINISTIC_FALLBACK_NOT_UCI
123.616,166.383,0.0,178.611,0.0,964.007,773.29,1,2.3,DETERMINISTIC_FALLBACK_NOT_UCI
113.298,0.0,113.862,140.466,0.0,891.027,749.568,14,2.3,DETERMINISTIC_FALLBACK_NOT_UCI
292.063,185.934,26.547,205.526,10.334,809.6,624.898,180,40.797,DETERMINISTIC_FALLBACK_NOT_UCI
512.397,0.0,167.473,241.887,23.316,811.452,720.373,56,52.493,DETERMINISTIC_FALLBACK_NOT_UCI
305.671,0.0,0.0,198.439,0.0,1109.188,681.563,28,18.832,DETERMINISTIC_FALLBACK_NOT_UCI
423.558,319.985,0.0,161.077,17.446,831.157,614.256,180,56.707,DETERMINISTIC_FALLBACK_NOT_UCI
341.462,0.0,162.586,141.72,22.423,816.182,685.968,28,33.623,DETERMINISTIC_FALLBACK_NOT_UCI
104.226,339.964,193.707,222.004,0.0,806.516,969.944,3,2.3,DETERMINISTIC_FALLBACK_NOT_UCI
144.523,83.802,50.686,129.986,25.228,884.458,774.865,180,27.894,DETERMINISTIC_FALLBACK_NOT_UCI
400.153,224.502,0.0,234.959,22.012,858.409,686.948,180,46.395,DETERMINISTIC_FALLBACK_NOT_UCI
378.189,153.997,129.131,132.064,0.0,1031.272,716.085,56,44.827,DETERMINISTIC_FALLBACK_NOT_UCI
514.569,270.441,54.792,130.005,5.351,856.137,866.414,56,59.684,DETERMINISTIC_FALLBACK_NOT_UCI
351.235,146.88,0.0,233.581,8.822,933.699,768.02,7,26.67,DETERMINISTIC_FALLBACK_NOT_UCI
378.926,71.954,0.0,135.727,27.046,1051.311,947.378,28,44.826,DETERMINISTIC_FALLBACK_NOT_UCI
179.371,143.106,68.758,175.623,7.77,1070.539,867.567,56,21.33,DETERMINISTIC_FALLBACK_NOT_UCI
103.221,285.059,0.0,196.998,31.137,1097.743,744.034,14,7.749,DETERMINISTIC_FALLBACK_NOT_UCI
352.905,0.0,0.0,196.885,0.0,990.115,891.134,28,23.508,DETERMINISTIC_FALLBACK_NOT_UCI
330.287,332.747,166.438,163.029,3.647,969.371,701.401,28,37.914,DETERMINISTIC_FALLBACK_NOT_UCI
434.187,0.0,104.464,199.38,0.0,968.292,819.787,28,38.429,DETERMINISTIC_FALLBACK_NOT_UCI
479.662,306.899,0.0,143.628,0.0,1124.096,986.49,28,63.442,DETERMINISTIC_FALLBACK_NOT_UCI
364.899,170.554,150.791,139.077,0.0,974.142,948.141,56,46.559,DETERMINISTIC_FALLBACK_NOT_UCI
414.632,226.244,0.0,167.009,23.876,1017.296,846.487,28,51.763,DETERMINISTIC_FALLBACK_NOT_UCI
429.651,0.0,0.0,145.594,0.0,862.164,654.092,1,28.896,DETERMINISTIC_FALLBACK_NOT_UCI
480.78,0.0,190.872,215.724,0.0,805.9,979.63,28,44.507,DETERMINISTIC_FALLBACK_NOT_UCI
421.85,332.043,0.0,179.244,21.311,1089.648,809.841,28,42.185,DETERMINISTIC_FALLBACK_NOT_UCI
127.707,324.621,115.858,124.357,2.074,950.857,771.063,56,35.663,DETERMINISTIC_FALLBACK_NOT_UCI
493.162,0.0,97.308,231.189,21.037,987.371,664.704,28,42.49,DETERMINISTIC_FALLBACK_NOT_UCI
102.832,187.39,87.386,224.524,0.0,1115.111,783.243,90,10.055,DETERMINISTIC_FALLBACK_NOT_UCI
278.42,0.0,86.286,236.562,31.618,847.52,622.757,90,29.741,DETERMINISTIC_FALLBACK_NOT_UCI
172.997,50.544,0.0,216.226,0.0,866.452,694.096,28,2.3,DETERMINISTIC_FALLBACK_NOT_UCI
353.512,60.738,141.898,173.115,24.246,1032.591,675.548,28,42.358,DETERMINISTIC_FALLBACK_NOT_UCI
